run_id,scenario,intensity,run,n_flows,total_throughput_mbps,max_flow_throughput_mbps,max_flow_txpackets,flow_concentration,delivery_ratio,overall_loss_ratio,monitor_owd_ms,monitor_pdv_ms,victim_startup_lag_ms,mean_owd_ms,mean_pdv_ms,telemetry_throughput_mbps,label_class,label_binary,e2e_delay_mean_ms,e2e_delay_median_ms,e2e_delay_p95_ms,e2e_delivered_n
normal_i0.0_r1,normal,0.0,1,3,12.576455115582018,12.440655939310606,21554,0.9150498832519636,0.9969488939740656,0.0178306092124814,10.520045906656463,4.095960214231064,5.599999999999827,6.7480204745782375,1.5629262782416538,0.0599124873779872,normal,normal,10.5201,1.6457,62.4519,1307.0
normal_i0.0_r2,normal,0.0,2,4,13.571222102030438,13.43449940280497,26647,0.931127262562024,0.9755892255892256,0.0311342511705919,15.48783433994823,7.273416738567731,12.310000000000263,12.935207616374717,8.196313382971292,0.0486656791345627,normal,normal,15.3942,5.80098,74.2678,1153.0
normal_i0.0_r3,normal,0.0,3,4,10.437429114285845,10.286112781388107,17441,0.8865900772671818,0.9984387197501952,0.005286701911346,4.600523846755277,2.744519155590305,13.129999999999864,4.2484266315917445,1.823782242714932,0.0570252222782444,normal,normal,4.58744,1.10445,19.4633,1277.0
normal_i0.0_r4,normal,0.0,4,5,13.953050961272517,13.79006400306042,29921,0.9152392022513152,0.9102861562258314,0.1233635140095436,41.53483432455395,8.64358538657604,12.270000000000003,95.36979578067584,13.13022766170837,0.04189795966267,normal,normal,41.5348,8.3176,203.611,1177.0
normal_i0.0_r5,normal,0.0,5,7,10.618636377588508,10.402789074207114,18170,0.8422174840085288,0.991108476585655,0.0139056271437841,4.168755980861245,2.1045454545454545,2.589999999999648,7.946735646394666,4.485595442636896,0.0424592910434269,normal,normal,4.16837,0.909347,16.4562,1671.0
normal_i0.0_r6,normal,0.0,6,3,10.049534675121713,9.9282918577592,18613,0.9055658266030944,1.0,0.000778437287146,1.9088945827232795,1.4940702781844803,13.049999999999784,2.4491941093528493,0.6928828119839542,0.0441119501089144,normal,normal,1.9089,0.892786,6.85779,1366.0
normal_i0.0_r7,normal,0.0,7,6,10.986573493675916,10.823996441518467,17015,0.8692653519975477,0.9984996249062266,0.0850618166956166,2.7959278737791133,2.534913598797897,5.750000000000366,5.60531066377009,3.82575084611401,0.0505051451034098,normal,normal,2.79593,0.716252,10.9487,1331.0
normal_i0.0_r8,normal,0.0,8,4,12.66385628655292,12.522062383333068,22656,0.922137653140136,0.9657039711191336,0.0820139199804631,15.79644859813084,5.614514018691589,8.150000000000102,34.40376022331909,19.0691729425345,0.0584526897623245,normal,normal,15.7965,0.231739,97.8958,1070.0
normal_i0.0_r9,normal,0.0,9,7,9.77350817220348,9.552043413968846,17849,0.8247389335551243,0.9971181556195964,0.001062748359671,2.4679768786127165,1.6183121387283237,53.85000000000018,11.761992117596767,6.355226941910738,0.049436556572137,normal,normal,2.46798,0.680084,8.71254,1730.0
normal_i0.0_r10,normal,0.0,10,6,12.179674848475743,12.01900958023644,27507,0.9043298155636652,0.8775362318840579,0.1564914357102935,18.785383980181667,6.013435177539223,14.07999999999987,28.36470206108505,14.357825686577812,0.0682902285505856,normal,normal,18.7909,1.65275,102.32,1208.0
normal_i0.0_r11,normal,0.0,11,7,11.42357747978364,11.241322154952028,18535,0.8679466167173964,0.9518845228548516,0.0528681807539218,14.04726200505476,5.747809604043808,5.800000000000249,12.496962921623613,7.407815719481755,0.0409817530310146,normal,normal,14.0484,2.85139,64.1417,1186.0
normal_i0.0_r12,normal,0.0,12,7,11.827377355217028,11.620282424004886,24290,0.8733954190787818,0.9372900335946248,0.1172557621085182,22.05651135005974,5.622956989247312,61.620000000000005,19.415615541627044,12.363698351082096,0.0467867097541576,normal,normal,22.025,3.18994,110.317,1668.0
normal_i0.0_r13,normal,0.0,13,7,12.382772030988855,12.20404545529778,22188,0.8887998718154142,0.950834879406308,0.0821583079634673,20.897853658536587,7.825365853658537,25.22000000000002,14.499617047781312,8.671823564462647,0.0501714232355772,normal,normal,20.8571,6.44653,101.334,1022.0
normal_i0.0_r14,normal,0.0,14,5,11.909507665641565,11.740710290354452,20709,0.8823604601619088,0.9901417128773876,0.038005965061781,16.43167392657125,5.292426882389545,3.610000000000113,8.603078107469646,3.761343621837709,0.0579617619403525,normal,normal,16.4384,2.70069,87.2037,1606.0
normal_i0.0_r15,normal,0.0,15,3,14.49784028484918,14.374777938864272,22883,0.926174768284292,0.9766637856525496,0.066216052130975,22.035132743362837,6.68458407079646,2.6000000000001577,13.700810807959629,2.459273315191061,0.0456733679217712,normal,normal,21.7484,2.31374,125.386,1122.0
normal_i0.0_r16,normal,0.0,16,4,12.561617515060268,12.42743640689194,19182,0.9081526370608844,1.0,0.00056812801818,3.046445066480056,2.2707907627711688,6.519999999999637,3.3661932077160395,1.6227675422344747,0.0419148111717189,normal,normal,3.04644,0.919459,12.7073,1429.0
normal_i0.0_r17,normal,0.0,17,5,12.463581615373103,12.299478486090813,19853,0.8784513274336283,1.0,0.0008849557522123,4.419873949579832,2.4920868347338936,3.470000000000084,5.367771934222656,3.472722740175312,0.058157386539779,normal,normal,4.41987,1.01682,20.5372,1428.0
normal_i0.0_r18,normal,0.0,18,4,13.068569225565806,12.900222427143524,24402,0.910590342562878,0.968349016253208,0.0271288902156877,23.008392226148413,7.300468197879859,9.669999999999844,16.823167769697037,5.5588355576790365,0.0461724218709162,normal,normal,23.0084,4.78724,124.383,1132.0
normal_i0.0_r19,normal,0.0,19,4,12.435032523119462,12.29872865480522,23403,0.9179446950382428,0.9951409135082604,0.0047068052559325,5.771650390625,2.821318359375,8.589999999999876,3.756824497627036,1.4552022653756842,0.0525470853506991,normal,normal,5.77165,1.3864,17.3022,1024.0
normal_i0.0_r20,normal,0.0,20,6,13.77561566618201,13.616977513185242,24816,0.8929509553452557,0.923198316675434,0.1044942607318916,26.714188034188037,5.904501424501424,35.06000000000009,26.302299260416024,13.281964973638544,0.0476084845638849,normal,normal,26.5298,4.32455,131.623,1743.0
normal_i0.0_r21,normal,0.0,21,3,10.59466086082383,10.4750407362337,17588,0.910587626197256,0.9974446337308348,0.0037794460264043,3.686413321947054,2.354286934244236,1.6099999999998893,3.554081428802975,0.999689814554373,0.0478245430102981,normal,normal,3.68641,1.03211,12.5402,1171.0
normal_i0.0_r22,normal,0.0,22,5,12.6372941320489,12.435963477659504,18522,0.8490488196195278,0.9827487061529616,0.0135228054091221,12.528145114101816,4.38368636629608,14.310000000000043,16.17113328792248,8.31733660118211,0.0483610624450815,normal,normal,12.5281,2.47296,63.0814,1709.0
normal_i0.0_r23,normal,0.0,23,3,12.923947965801997,12.799662449482796,19912,0.9203179885376224,0.99146110056926,0.0188112405250508,10.828708133971292,6.074794258373206,5.890000000000395,7.455003534970213,2.2701451121911576,0.0538375622732885,normal,normal,10.8349,3.26665,52.7877,1044.0
normal_i0.0_r24,normal,0.0,24,4,14.019518915366785,13.893587796572852,21642,0.9201530612244898,0.9505766062602964,0.1041666666666666,28.560225303292896,7.903535528596187,5.520000000000191,15.42191495003199,5.108091052888109,0.0545407731087419,normal,normal,28.5602,3.83214,158.917,1154.0
normal_i0.0_r25,normal,0.0,25,5,12.02412375934785,11.83921468358407,25358,0.8908171151549217,0.9071618037135278,0.1696761048268109,41.56832358674463,9.056169590643275,3.499999999999837,25.544825562307587,7.062285952080805,0.059679480221151,normal,normal,41.5683,6.58319,243.428,1026.0
normal_i0.0_r26,normal,0.0,26,5,10.375390705434745,10.236293447644176,15170,0.8854257864939007,0.987987987987988,0.0120235802252962,2.149787234042553,1.7479939209726445,8.630000000000138,15.060826587421548,7.861891170212568,0.0492779443128181,normal,normal,2.14979,0.229909,8.54127,987.0
normal_i0.0_r27,normal,0.0,27,4,13.363572468772492,13.21089545292781,23275,0.9102819820876844,0.9953703703703703,0.0031287887676483,6.840302325581396,3.542860465116279,44.44000000000025,4.263986208388748,1.722470816292459,0.0421483208978293,normal,normal,6.8403,2.19552,30.5589,1290.0
normal_i0.0_r28,normal,0.0,28,6,11.85362999059286,11.653786277868411,24207,0.889243993828521,0.98109243697479,0.0589596649768569,13.81677373304782,4.93994289793005,14.639999999999986,16.775492166186506,8.73566547554513,0.0490874665971049,normal,normal,13.8264,1.35138,75.4912,1399.0
normal_i0.0_r29,normal,0.0,29,6,12.998018894107156,12.849147690441711,19731,0.8859901212393354,0.9704499664204164,0.0521778176919622,17.544221453287197,5.775162629757785,2.6600000000001067,15.251680374705948,9.61753475582734,0.0408351531011907,normal,normal,17.549,3.03062,89.1601,1444.0
normal_i0.0_r30,normal,0.0,30,7,11.754131351680416,11.53706686005956,17875,0.8476384673748103,0.9605710401087696,0.0553869499241274,18.130431705590944,5.516871903750886,39.45999999999961,19.80357470501099,12.022616748768588,0.0556092448917548,normal,normal,18.1304,1.95653,109.767,1413.0
normal_i0.0_r31,normal,0.0,31,3,11.929895254076325,11.794005214389966,16987,0.8966008656180724,0.9933085501858736,0.003166895386889,4.468008982035928,2.694880239520958,14.210000000000278,3.923661199624265,1.128731533154758,0.0511573177416407,normal,normal,4.47072,0.630033,20.0794,1335.0
normal_i0.0_r32,normal,0.0,32,4,11.223072641031187,11.066720097341824,20098,0.886546096162329,0.9756542909312234,0.0309219232465813,17.471927635683095,4.456313162819712,3.600000000000048,23.03405160517794,9.529597107726945,0.0603797810847374,normal,normal,17.4793,2.82513,53.8954,1602.0
normal_i0.0_r33,normal,0.0,33,7,10.75865301419772,10.57276318656882,20422,0.8659260515603799,0.9796954314720812,0.0382886702849389,3.285405872193437,1.8445250431778928,1.5900000000002024,4.735280195801423,2.158004634852523,0.0461277916685627,normal,normal,3.28541,0.43488,10.105,1158.0
normal_i0.0_r34,normal,0.0,34,4,11.532748179029264,11.363322884012542,17273,0.8662487462387162,0.9987507807620236,0.0069709127382146,9.588242651657286,3.8018011257035647,10.449999999999626,10.108682339483016,6.340663104677493,0.0566205673398995,normal,normal,9.59206,1.50189,50.0999,1598.0
normal_i0.0_r35,normal,0.0,35,6,11.89142005031148,11.686183328435789,20379,0.8461985633019142,0.8851802403204272,0.0468380185192874,15.448114630467574,5.496930618401207,1003.94,17.42850658164522,8.599102835815865,0.0583402065135721,normal,normal,15.4481,0.614253,74.0933,1326.0
normal_i0.0_r36,normal,0.0,36,6,11.519194938205509,11.360104327507836,22687,0.8811169799596085,0.8741794310722101,0.1277769147118223,33.424030037546935,6.508322903629537,12.070000000000023,23.52425512792919,14.701569885850011,0.0523656577678066,normal,normal,33.4348,5.22224,171.174,1597.0
normal_i0.0_r37,normal,0.0,37,6,14.047538256281324,13.87021123058968,26247,0.9031691958294622,0.9764532744665196,0.0332404253122741,14.299924642049737,6.431959306706857,13.060000000000294,17.943401424176425,10.048742632190535,0.048552077953548,normal,normal,14.3074,5.54335,62.5654,1326.0
normal_i0.0_r38,normal,0.0,38,7,10.984836406967682,10.77529481152412,18271,0.8488269454123113,1.0,0.0040418118466898,3.446303116147309,2.563420679886685,7.550000000000168,4.52459048474122,3.2512825773285567,0.0431151087491365,normal,normal,3.44631,1.13326,13.796,1412.0
normal_i0.0_r39,normal,0.0,39,7,12.95398311433648,12.748144362876456,22368,0.8725570509069631,0.9395434916718076,0.0050711917300565,8.599737360472751,4.080124753775444,1009.29,6.34474019397187,4.448205880098071,0.0482960833506025,normal,normal,8.59973,2.18121,30.1231,1523.0
normal_i0.0_r40,normal,0.0,40,4,13.172519346450306,13.035356754932344,27763,0.9271021171441928,0.9084836339345356,0.1386161757830762,24.32139705882353,7.292683823529411,4.650000000000265,20.40935468953633,9.706173494859984,0.0429649227896,normal,normal,24.3214,6.61856,111.49,1360.0
dos_i1.0_r1,dos,1.0,1,4,12.693231431546735,12.548559752408144,21554,0.9139246947082768,0.9992372234935164,0.0103459972862957,10.18351145038168,3.947648854961832,5.599999999999827,5.687324222254266,2.8290846048805363,0.0599124873779872,dos,attack,10.1878,1.74981,58.9076,1309.0
dos_i1.0_r2,dos,1.0,2,5,13.743522069597368,13.598242197464277,26647,0.930184661570147,0.9797979797979798,0.0201766328062275,15.33926116838488,6.7740893470790375,8.539999999999992,14.301792542194786,9.891825233961033,0.0486656791345627,dos,attack,14.9202,4.93218,78.7142,1154.0
dos_i1.0_r3,dos,1.0,3,5,10.489671905924164,10.329488014914514,17441,0.8852850109131516,1.0,0.0015735241865895,4.003544106167057,2.742419984387197,13.049999999999784,3.468527365813549,1.7291025008764451,0.0570252222782444,dos,attack,4.00355,1.28658,17.2776,1281.0
dos_i1.0_r4,dos,1.0,4,6,13.364099811914285,13.19211429897837,29921,0.9144280431527154,0.8654292343387471,0.1566578038568503,20.029133154602324,7.628856121537087,12.909999999999757,21.737129209158272,7.98679829295022,0.04189795966267,dos,attack,20.0291,5.46015,96.6296,1119.0
dos_i1.0_r5,dos,1.0,5,8,10.62445857955572,10.397302694032536,18170,0.841086886080637,0.995850622406639,0.0061565523306948,3.4813749999999994,1.960089285714285,2.6199999999998447,5.801826594276768,4.738115795503137,0.0424592910434269,dos,attack,3.48138,0.943321,12.668,1680.0
dos_i1.0_r6,dos,1.0,6,4,9.997004944101176,9.867320111039849,18613,0.9042899480153525,0.9963396778916545,0.0062187241898654,3.445679647318149,2.009529757531227,14.259999999999716,3.468399201660014,1.9785441857135355,0.0441119501089144,dos,attack,3.44568,0.926911,10.9298,1361.0
dos_i1.0_r7,dos,1.0,7,7,11.392181156518332,11.221383755658008,17015,0.8679793909095547,1.0,0.0042850584094271,3.858372093023256,2.45695423855964,5.520000000000191,3.85170633439457,3.0827372047923225,0.0505051451034098,dos,attack,3.85837,1.07323,13.6482,1333.0
dos_i1.0_r8,dos,1.0,8,5,12.238391378095324,12.088057484113907,22656,0.9210504919099114,0.9620938628158844,0.1109439791852996,13.938367729831144,6.5472889305816135,7.519999999999971,20.758323410646888,13.17459262738754,0.0584526897623245,dos,attack,13.9383,0.230402,85.8053,1066.0
dos_i1.0_r9,dos,1.0,9,8,9.71420030503225,9.484599829195211,17849,0.823635272945411,0.9948126801152738,0.0072447049051728,2.8471668597914253,1.7614484356894553,49.94000000000032,3.626932735489173,3.120365829469466,0.049436556572137,dos,attack,2.84717,0.732851,10.7361,1726.0
dos_i1.0_r10,dos,1.0,10,7,12.057718510832846,11.884294542173835,27507,0.9034684359193326,0.9282608695652174,0.1602837811206726,21.112802498048403,6.20224043715847,14.009999999999856,20.049332707324897,13.01165933115388,0.0682902285505856,dos,attack,19.2819,2.30363,96.69,1260.0
dos_i2.0_r1,dos,2.0,1,4,12.789836939588684,12.636829945534371,21554,0.9128022699360522,0.9984744469870328,0.0041502562147969,7.582330022918257,3.63218487394958,5.549999999999944,5.374260511842548,3.432192774630751,0.0599124873779872,dos,attack,7.48174,1.66116,35.5233,1303.0
dos_i2.0_r2,dos,2.0,2,5,13.447787677562353,13.294369193786526,26647,0.9292439670804854,0.9722222222222222,0.0411493932208118,27.627965367965366,8.290337662337663,8.539999999999992,17.63714224102881,10.23778987032648,0.0486656791345627,dos,attack,27.6539,6.54221,124.409,1153.0
dos_i2.0_r3,dos,2.0,3,5,10.438119367445765,10.270666106988225,17441,0.8839837810440953,0.9914129586260734,0.0087683730359858,6.787708661417323,3.926055118110237,13.22000000000001,7.32136022038581,3.617756096542969,0.0570252222782444,dos,attack,6.78771,1.39712,28.576,1270.0
dos_i2.0_r4,dos,2.0,4,6,13.269454990533212,13.088069488774105,29921,0.913618320610687,0.908739365815932,0.1626564885496183,27.41455319148936,7.485114893617021,12.36999999999977,21.73371823527231,8.82740242207557,0.04189795966267,dos,attack,27.4146,6.58868,126.194,1175.0
dos_i2.0_r5,dos,2.0,5,8,10.692349583047084,10.458882460513824,18170,0.8399593195266272,0.998814463544754,0.0045765532544378,2.5503738872403563,1.8328961424332344,2.609999999999779,5.354154907947352,4.032889971167904,0.0424592910434269,dos,attack,2.5482,0.880561,9.71008,1684.0
dos_i2.0_r6,dos,2.0,6,4,10.042149437823928,9.90377072373677,18613,0.903017659615758,1.0,0.0029594411022705,3.2333748169838943,2.0593923865300146,13.109999999999731,2.73811135082372,1.1404389261368977,0.0441119501089144,dos,attack,3.23337,0.907979,10.5396,1366.0
dos_i2.0_r7,dos,2.0,7,7,11.352821585049687,11.173372450218146,17015,0.8666972290138549,1.0,0.0090158924205378,3.7741410352588143,2.390150037509377,5.610000000000337,10.606572524139583,6.399220994294199,0.0505051451034098,dos,attack,3.77414,1.06355,13.0888,1333.0
dos_i2.0_r8,dos,2.0,8,5,12.979540064688807,12.820345127876626,22656,0.9199658910951396,0.967509025270758,0.0605027002883014,13.22117537313433,5.4596175373134335,7.540000000000102,18.79105832681362,11.646154244692667,0.0584526897623245,dos,attack,13.2211,0.232029,72.9488,1072.0
dos_i2.0_r9,dos,2.0,9,8,9.77719380414207,9.539073844402228,17849,0.8225345622119815,0.9988472622478386,0.0037788018433179,2.637830351990768,1.733462204270052,28.770000000000184,4.851767514050897,3.7791829813830535,0.049436556572137,dos,attack,2.63783,0.730523,11.139,1733.0
dos_i2.0_r10,dos,2.0,10,7,12.231416419513272,12.057271918681586,27507,0.902608695652174,0.9115942028985508,0.1568498769483182,19.104451510333863,6.349984101748808,14.130000000000198,11.011887740494572,6.057325843288296,0.0682902285505856,dos,attack,18.5544,2.05392,91.4041,1245.0
dos_i5.0_r1,dos,5.0,1,4,12.791428952164004,12.613677851627932,21554,0.9094514767932488,0.9916094584286804,0.0062447257383966,7.607753846153845,3.5594769230769234,5.539999999999878,4.919695528596051,2.1007229195082764,0.0599124873779872,dos,attack,7.61064,1.56067,32.1222,1299.0
dos_i5.0_r2,dos,5.0,2,5,13.4783194868227,13.29997509033417,26647,0.9264332649584536,0.9713804713804712,0.0399819212182317,22.72322357019064,8.301395147313691,8.580000000000254,14.18730311261516,9.335217499115585,0.0486656791345627,dos,attack,22.7303,6.511,99.7349,1152.0
dos_i5.0_r3,dos,5.0,3,5,10.496321380729668,10.302844623584186,17441,0.8801029419185548,0.9953161592505856,0.0052480193773023,4.460580392156863,3.0358980392156862,13.36000000000004,3.881193035959688,2.30908691364967,0.0570252222782444,dos,attack,4.46058,1.3377,17.766,1275.0
dos_i5.0_r4,dos,5.0,4,6,13.181801492324642,12.977080490807197,29921,0.9111977342631788,0.9064191802010828,0.1686816700673021,33.51058020477816,7.562909556313993,12.44999999999985,20.24674804387882,8.039363458949746,0.04189795966267,dos,attack,33.5106,5.61951,187.858,1172.0
dos_i5.0_r5,dos,5.0,5,8,10.687115882444346,10.435498948161126,18170,0.8365946866798656,0.99407231772377,0.0125235968506837,2.556732259988073,1.7336195587358378,2.609999999999779,2.710566279512478,1.8099839455034967,0.0424592910434269,dos,attack,2.55673,0.94294,9.34075,1677.0
dos_i5.0_r6,dos,5.0,6,4,10.079062298287882,9.915422069576673,18613,0.8992221846466013,1.0,0.0015942799169041,2.978726207906296,1.942708638360176,12.959999999999638,2.721785861393448,1.1051379331322286,0.0441119501089144,dos,attack,2.97873,1.02426,10.4824,1366.0
dos_i5.0_r7,dos,5.0,7,7,11.43181497667829,11.226878668252542,17015,0.8628733708605913,0.9984996249062266,0.0036513007759014,3.6240871525169047,2.48984973703982,5.470000000000308,6.307895686563234,3.622084325669207,0.0505051451034098,dos,attack,3.62409,1.2133,14.0596,1331.0
dos_i5.0_r8,dos,5.0,8,5,12.803251340392364,12.62199310399323,22656,0.916727361009954,0.953971119133574,0.0751395969895605,14.93065279091769,5.8099526963103125,7.580000000000364,22.40131422922016,13.167846507476984,0.0584526897623245,dos,attack,14.9307,0.232138,73.6925,1057.0
dos_i5.0_r9,dos,5.0,9,8,9.801417311957508,9.538871670974656,17849,0.8192500114747326,0.996541786743516,0.003901409097168,3.039988432620012,2.143354540196645,38.63000000000039,4.299116862118328,3.059606441750176,0.049436556572137,dos,attack,3.03999,0.721589,12.4608,1729.0
dos_i5.0_r10,dos,5.0,10,7,11.764098354923291,11.561757609552838,27507,0.9000392644460441,0.9072463768115944,0.1818925462993259,25.774361022364214,6.4914616613418525,15.080000000000204,16.44263367887828,10.235435141230594,0.0682902285505856,dos,attack,25.6991,2.06953,103.825,1249.0
dos_i10.0_r1,dos,10.0,1,4,12.667315670374332,12.447193166341805,21554,0.9039211574753616,0.9954233409610984,0.0178653805829314,7.980536398467432,3.9161915708812254,5.460000000000242,5.760126636565002,2.813549220047085,0.0599124873779872,dos,attack,7.98368,1.80409,39.1656,1304.0
dos_i10.0_r2,dos,10.0,2,5,13.291802418656896,13.07762550647906,26647,0.9217863567178636,0.9132996632996632,0.0579770305797703,16.639907834101383,8.34821198156682,8.700000000000152,14.599738715642976,9.842050059028988,0.0486656791345627,dos,attack,16.6399,5.28746,81.9036,1085.0
dos_i10.0_r3,dos,10.0,3,5,10.500013386934878,10.26477006932812,17441,0.8737100490932772,0.9968774395003904,0.008566275924256,4.868559122944401,3.4070947533281126,11.660000000000004,7.000634725704316,3.128542536872519,0.0570252222782444,dos,attack,4.86856,1.42211,21.6663,1277.0
dos_i10.0_r4,dos,10.0,4,6,12.571626999261534,12.33485291540654,29921,0.9071918015887454,0.848414539829853,0.2093262991934995,36.564266180492254,7.293874202370099,12.129999999999974,25.215994352780104,8.195518045263016,0.04189795966267,dos,attack,36.5642,5.29288,237.749,1097.0
dos_i10.0_r5,dos,10.0,5,8,10.738813437141747,10.436352023657593,18170,0.8310464690815953,0.997036158861885,0.0042078302231979,3.728882282996433,2.285832342449465,2.54999999999983,5.136282055236098,3.906489745686684,0.0424592910434269,dos,attack,3.72888,1.0625,16.4336,1682.0
dos_i10.0_r6,dos,10.0,6,4,10.077507925828687,9.871998295498376,18613,0.892966800997889,0.9970717423133236,0.0060449050086355,2.662709251101321,1.8183627019089572,12.97999999999977,3.191864405657422,1.6403263642279644,0.0441119501089144,dos,attack,2.66271,0.954516,9.65705,1362.0
dos_i10.0_r7,dos,10.0,7,7,11.44163496345358,11.195114041777812,17015,0.8565747080144986,1.0,0.0060410793395086,6.821815453863465,3.076594148537134,5.460000000000242,5.527918388018409,4.349698403491127,0.0505051451034098,dos,attack,6.82181,1.45813,27.3253,1333.0
dos_i10.0_r8,dos,10.0,8,5,12.539447665154364,12.318536330217468,22656,0.9113801842391086,0.944043321299639,0.0949756627378414,20.827533460803057,6.479713193116634,8.310000000000262,23.263849778341896,13.1839064590672,0.0584526897623245,dos,attack,20.8276,0.231905,127.719,1046.0
dos_i10.0_r9,dos,10.0,9,8,9.794878308218411,9.490098183225587,17849,0.8138336677001642,0.998270893371758,0.0063833667700164,3.734682448036952,2.1925981524249423,27.09000000000028,12.27549799832803,6.629546538453709,0.049436556572137,dos,attack,3.71365,0.830654,15.0096,1729.0
dos_i10.0_r10,dos,10.0,10,7,11.389628673995096,11.149414167706016,27507,0.8957892337252092,0.9094202898550724,0.208812322923112,25.67832669322709,7.240948207171314,14.1,17.354249793843643,10.379876337040796,0.0682902285505856,dos,attack,24.5708,3.23531,135.929,1236.0
dos_i20.0_r1,dos,20.0,1,4,12.580748296881142,12.279526497336503,21554,0.8930598715558318,0.9664378337147216,0.0310752019888129,9.13212312549329,4.56136543014996,5.910000000000082,6.713871789584841,2.7514840218337304,0.0599124873779872,dos,attack,9.13836,1.9121,44.7732,1266.0
dos_i20.0_r2,dos,20.0,2,5,12.65703178566975,12.372170631851914,26647,0.9126310021234332,0.8821548821548821,0.1090485649702034,41.61603053435115,10.740362595419846,8.970000000000145,20.00715095203925,6.15712577731788,0.0486656791345627,dos,attack,39.2983,14.5156,167.904,1022.0
dos_i20.0_r3,dos,20.0,3,5,10.54951553038102,10.231245430685805,17441,0.8611988939364014,0.9804839968774396,0.0109618803081177,6.425804140127388,4.010509554140127,13.13999999999993,5.008492757086731,2.358877920079907,0.0570252222782444,dos,attack,6.42581,1.5941,27.5785,1256.0
dos_i20.0_r4,dos,20.0,4,6,12.549990061741696,12.239150700600517,29921,0.8992846838182256,0.8592420726991493,0.2143243568165424,22.703690369036902,7.655022502250225,12.189999999999923,19.122287312801536,8.474972877316505,0.04189795966267,dos,attack,22.7037,4.54538,103.227,1111.0
dos_i20.0_r5,dos,20.0,5,8,10.818782100582876,10.43292373434028,18170,0.8201679155005868,0.991701244813278,0.0047846889952153,5.209838613269576,2.6417872086072927,2.529999999999699,5.779060828245865,3.74415896733578,0.0424592910434269,dos,attack,5.20984,1.12143,17.5948,1673.0
dos_i20.0_r6,dos,20.0,6,4,10.125246340206871,9.836531484836666,18613,0.8807135421595533,0.9919472913616398,0.0096053752247563,5.395734317343174,2.8460221402214025,13.159999999999616,4.328027086173474,1.849780397913892,0.0441119501089144,dos,attack,5.39573,1.25613,24.3883,1355.0
dos_i20.0_r7,dos,20.0,7,7,11.355792217479754,11.027047343165684,17015,0.8442492805398432,0.9984996249062266,0.0198471767391088,5.514252441773103,3.357610818933133,5.550000000000388,7.390772357452835,6.125614824293053,0.0505051451034098,dos,attack,5.51425,1.56449,22.621,1331.0
dos_i20.0_r8,dos,20.0,8,5,11.844824489889891,11.542710547910866,22656,0.9008708099725636,0.934115523465704,0.1462483597757366,11.441159420289855,5.598512077294687,7.480000000000153,23.820054088407577,13.038731124596548,0.0584526897623245,dos,attack,11.4412,0.230258,58.5733,1035.0
dos_i20.0_r9,dos,20.0,9,8,9.875487234452429,9.487060217625569,17849,0.8032130321303214,0.9942363112391932,0.008820088200882,4.078678260869565,2.3344869565217388,71.57000000000036,5.998064812365297,3.912303419749666,0.049436556572137,dos,attack,4.07757,0.853415,16.2077,1724.0
dos_i20.0_r10,dos,20.0,10,7,11.112866347781337,10.79503449073879,27507,0.8874084588831177,0.8681159420289855,0.2313449688679549,27.169115191986645,6.815459098497496,13.980000000000103,15.744072902952524,7.934206239405591,0.0682902285505856,dos,attack,27.1691,1.64589,156.663,1198.0
dos_i50.0_r1,dos,50.0,1,4,12.365741053884648,11.822474692159894,21554,0.8619876024795041,0.9633867276887872,0.0622675464907018,25.31591448931116,7.092826603325416,5.539999999999878,13.602371404886403,3.713676913035699,0.0599124873779872,dos,attack,25.3279,3.35563,146.798,1262.0
dos_i50.0_r2,dos,50.0,2,5,13.022431648447812,12.476590689001254,26647,0.886224557669283,0.9326599326599326,0.0930557403219369,18.890252707581222,8.261227436823106,8.630000000000138,18.200242573484992,9.835913750263815,0.0486656791345627,dos,attack,18.8903,7.51085,89.7838,1108.0
dos_i50.0_r3,dos,50.0,3,5,10.166069062386734,9.605403284019314,17441,0.8257267304232554,0.9578454332552692,0.0630148660164757,17.38573757131214,6.3042787286063575,13.6099999999999,11.20333536781528,4.340246314542784,0.0570252222782444,dos,attack,17.3419,2.77024,88.5865,1224.0
dos_i50.0_r4,dos,50.0,4,6,11.794312933859068,11.256240088709774,29921,0.8763692812371858,0.8507347254447022,0.2665924667564876,25.084000000000003,7.726381818181818,13.389999999999793,25.42394190010505,7.992866304816727,0.04189795966267,dos,attack,25.084,6.31266,126.644,1100.0
dos_i50.0_r5,dos,50.0,5,8,11.021986660605087,10.382810808029545,18170,0.7891765114662961,0.993479549496147,0.0074704656011118,4.913866348448687,2.8682219570405727,2.479999999999816,7.644963696513105,5.455201137229401,0.0424592910434269,dos,attack,4.91387,1.44366,21.485,1676.0
dos_i50.0_r6,dos,50.0,6,4,10.340609389062156,9.80302558133982,18613,0.8458916560625341,0.985358711566618,0.0129067442283221,4.932481426448737,3.283454680534918,13.519999999999754,4.667947147584767,1.8391617621207736,0.0441119501089144,dos,attack,4.93248,1.48993,23.2021,1346.0
dos_i50.0_r7,dos,50.0,7,7,11.513731091552092,10.934627904202406,17015,0.8093131659056316,0.9819954988747188,0.0266837899543379,8.786936592818945,4.5810695187165775,5.440000000000111,10.114113609941922,6.830382838148358,0.0505051451034098,dos,attack,8.78695,1.98698,40.7975,1309.0
dos_i50.0_r8,dos,50.0,8,5,10.837000992994854,10.304353310292033,22656,0.8707482993197279,0.8925992779783394,0.2245666628233214,18.00333670374115,6.88633973710819,7.610000000000117,21.5847214605829,9.366249885026605,0.0584526897623245,dos,attack,18.0034,0.233722,93.0098,989.0
dos_i50.0_r9,dos,50.0,9,8,9.98423611263873,9.34901733692274,17849,0.7729516715745712,0.9723342939481268,0.0208730296206478,6.3703615886188505,3.250189685832839,30.730000000000143,6.721107803087161,5.008197259352926,0.049436556572137,dos,attack,6.37038,1.14457,26.7975,1687.0
dos_i50.0_r10,dos,50.0,10,7,10.351385053502977,9.810006761488204,27507,0.8631813474754448,0.8217391304347826,0.2889823328207864,25.10520282186949,6.816940035273369,13.990000000000167,26.16970864735501,13.006592937752222,0.0682902285505856,dos,attack,24.6453,1.00589,136.088,1120.0
dos_i100.0_r1,dos,100.0,1,4,12.588733355295442,11.643022304240604,21554,0.8147420147420148,0.958047292143402,0.0731052731052731,13.549044585987264,6.218017515923567,5.870000000000264,14.066240681895046,3.166397947248907,0.0599124873779872,dos,attack,13.5555,3.17779,67.9178,1255.0
dos_i100.0_r2,dos,100.0,2,5,12.620281930504609,11.682045098388809,26647,0.8454533917126721,0.9225589225589226,0.1416650802715908,39.38950729927008,10.067883211678833,8.570000000000189,37.39239180839259,14.931071767802967,0.0486656791345627,dos,attack,39.3997,10.0457,213.281,1093.0
dos_i100.0_r3,dos,100.0,3,5,10.69861104992306,9.7271872473467,17441,0.7726829700513911,0.9711163153786104,0.0510366826156299,17.059485530546624,6.409437299035369,11.709999999999887,11.165570992931167,3.86658097209101,0.0570252222782444,dos,attack,17.0584,3.22349,89.5573,1241.0
dos_i100.0_r4,dos,100.0,4,6,12.047215816010974,11.130487188534048,29921,0.8406664418970555,0.8221191028615623,0.2661272195999101,41.42709313264346,10.184760112888052,10.299999999999976,38.227377197141074,9.042498645328182,0.04189795966267,dos,attack,41.4271,8.25324,211.653,1063.0
dos_i100.0_r5,dos,100.0,5,8,11.245819159998222,10.201871270351903,18170,0.7424205279071668,0.986959098992294,0.0241889351965351,9.495075075075077,3.8456096096096095,2.559999999999896,11.30893355583814,6.110080120196495,0.0424592910434269,dos,attack,9.42828,1.88424,46.4344,1658.0
dos_i100.0_r6,dos,100.0,6,4,10.498631164057992,9.547084457076531,18613,0.7935959751001961,0.9824304538799414,0.0344504135755095,9.319001490312964,4.606967213114754,13.36999999999966,7.653740810064525,2.287455064562217,0.0441119501089144,dos,attack,9.31897,2.1225,41.7389,1342.0
dos_i100.0_r7,dos,100.0,7,7,10.939231019698898,9.992046699971658,17015,0.7570970899706327,0.9399849962490624,0.0989143009700097,12.194732641660014,6.389992019154031,5.510000000000126,14.379773957306906,8.286543144795615,0.0505051451034098,dos,attack,12.1947,3.17001,56.6206,1253.0
dos_i100.0_r8,dos,100.0,8,5,11.789295834738429,10.872752874796848,22656,0.8247843023044159,0.9088447653429604,0.1835159634497069,15.04170804369414,5.913505461767628,8.43000000000016,26.52374537297364,14.796832902429747,0.0584526897623245,dos,attack,15.0417,0.326659,93.9086,1007.0
dos_i100.0_r9,dos,100.0,9,8,10.06732929440697,9.022715834284536,17849,0.7272838399478445,0.9406340057636888,0.0483253198598321,7.980269607843136,4.09233455882353,26.46000000000015,18.07048078705477,9.76421580399585,0.049436556572137,dos,attack,7.98029,1.21613,35.9772,1632.0
dos_i100.0_r10,dos,100.0,10,7,10.431815596527963,9.53381678494459,27507,0.8256145511300538,0.8398550724637681,0.296365218957289,27.89611734253667,6.939413287316652,17.790000000000195,21.885856313326368,9.469345701148494,0.0682902285505856,dos,attack,17.4597,1.28377,97.687,1108.0
dos_i200.0_r1,dos,200.0,1,4,12.458473405207911,10.749490411840885,21554,0.7342531084994038,0.916094584286804,0.1277465508431272,28.491174021648625,7.703072439633639,6.299999999999972,19.81260283452166,3.0087397750916662,0.0599124873779872,dos,attack,28.4911,4.28037,147.601,1201.0
dos_i200.0_r2,dos,200.0,2,5,12.96433869352647,11.23984764137123,26647,0.7742169794874775,0.8939393939393939,0.1602068684990412,24.458851224105462,9.57768361581921,8.580000000000254,26.69206569079467,10.853713931554038,0.0486656791345627,dos,attack,24.3188,9.19486,113.809,1057.0
dos_i200.0_r3,dos,200.0,3,5,10.524269364271904,8.791378913591727,17441,0.6847126256281407,0.9188134270101485,0.1204852386934673,21.298640611724725,6.847272727272728,11.719999999999953,13.65579588845183,3.9491085301606894,0.0570252222782444,dos,attack,21.2987,3.77415,112.191,1177.0
dos_i200.0_r4,dos,200.0,4,6,11.182703473919066,9.612983508263756,29921,0.7773303543593474,0.6883217324052591,0.3435259274654473,20.12325842696629,7.789831460674157,10.67000000000018,28.22913833209308,7.558533797912935,0.04189795966267,dos,attack,20.1233,2.64031,112.227,890.0
dos_i200.0_r5,dos,200.0,5,8,11.423432339891352,9.597440533300473,18170,0.663768539490027,0.939537640782454,0.0748155183751004,12.882523659305996,4.773034700315457,3.7199999999999456,18.285469272816457,9.110985139461704,0.0424592910434269,dos,attack,12.8776,2.88896,50.1622,1584.0
dos_i200.0_r6,dos,200.0,6,4,10.71998294856678,8.972468427840179,18613,0.7062684981406997,0.9370424597364568,0.078621841086742,11.990546875,5.132171875,15.279999999999738,10.044523461629314,2.212235872678475,0.0441119501089144,dos,attack,11.9927,2.84462,53.4772,1279.0
dos_i200.0_r7,dos,200.0,7,7,10.9133006809875,9.207934180534716,17015,0.6705682982580594,0.9227306826706676,0.1510995507212107,11.263170731707318,6.647089430894309,6.27000000000022,16.80104257538165,8.587600571821183,0.0505051451034098,dos,attack,11.2632,2.26958,46.9143,1230.0
dos_i200.0_r8,dos,200.0,8,5,12.07036755787568,10.401593777657,22656,0.7460239059567322,0.8664259927797834,0.2012907899502782,9.632760416666668,5.445572916666667,8.51000000000024,24.36704087468988,11.023990182494757,0.0584526897623245,dos,attack,9.63276,0.540153,43.8148,960.0
dos_i200.0_r9,dos,200.0,9,8,10.446550134052538,8.612595469590103,17849,0.6504263537643029,0.9469740634005764,0.0818453465490853,9.896165550821667,4.585684723067559,73.60000000000034,16.328561059480457,8.489258162127562,0.049436556572137,dos,attack,9.87062,1.63447,43.4628,1639.0
dos_i200.0_r10,dos,200.0,10,7,9.810247764459351,8.208038430744596,27507,0.7595052047381065,0.7768115942028986,0.3580362813043598,27.61613805970149,7.702266791044777,15.039999999999942,23.40907981549314,12.214146156221805,0.0682902285505856,dos,attack,27.6136,1.63758,157.849,1070.0
dos_i500.0_r1,dos,500.0,1,4,11.40582047373766,7.72387139438255,21554,0.5663907502299304,0.8115942028985508,0.2864538168440415,23.676503759398496,8.007875939849622,5.460000000000242,19.978854562453996,2.767138526128744,0.0599124873779872,dos,attack,23.1275,3.46555,119.578,1054.0
dos_i500.0_r2,dos,500.0,2,5,12.289302634002844,8.642607082207165,26647,0.6180017626049445,0.8080808080808081,0.2941231040400761,41.458645833333335,12.465104166666666,9.260000000000268,38.96051256000017,14.653132789592137,0.0486656791345627,dos,attack,41.5207,15.6037,172.159,958.0
dos_i500.0_r3,dos,500.0,3,5,10.227001233988268,6.534829317885032,17441,0.5103886222638417,0.7697111631537861,0.2630223574856608,21.50821501014199,7.913123732251521,12.900000000000134,22.65486147392002,4.900874703381181,0.0570252222782444,dos,attack,21.4923,4.11267,110.389,983.0
dos_i500.0_r4,dos,500.0,4,6,11.504942293444229,8.119270115126833,29921,0.6340269537209696,0.7099767981438515,0.3909137141888456,57.62167755991285,11.999346405228758,1023.0899999999998,53.40094058326927,11.767636102582886,0.04189795966267,dos,attack,57.6217,12.6575,258.768,918.0
dos_i500.0_r5,dos,500.0,5,8,10.976829997076884,7.239451335638313,18170,0.5036868658867882,0.7949021932424422,0.2346565393358097,18.77770320656227,5.805988068605518,2.639999999999976,22.12715161866475,10.591201720455167,0.0424592910434269,dos,attack,18.6773,2.30218,99.7355,1336.0
dos_i500.0_r6,dos,500.0,6,4,0.6248728918582184,0.5807609417493039,18613,0.5309807725223941,0.0,0.7982255947965995,,,,150.3838067141404,11.306510681586978,0.0441119501089144,dos,attack,,,,0.0
dos_i500.0_r7,dos,500.0,7,7,10.46393269949016,6.963025584198689,17015,0.4993543464224922,0.7726931732933233,0.2892234548335974,19.935533980582523,8.13533009708738,11.630000000000251,26.05933731816487,12.265419477667104,0.0505051451034098,dos,attack,19.9355,3.01797,107.9,1030.0
dos_i500.0_r8,dos,500.0,8,5,11.548202221680834,7.953624893601765,22656,0.5798971051217078,0.8339350180505415,0.3147252297217743,17.48701298701299,6.7748160173160175,8.860000000000312,39.08438008650116,13.25980123391058,0.0584526897623245,dos,attack,17.4871,1.33543,106.449,924.0
dos_i500.0_r9,dos,500.0,9,8,10.519766682876142,6.761274270716539,17849,0.4938575618394112,0.8420749279538905,0.220325383210669,14.836824093086928,5.585462012320329,77.71000000000016,31.99763291555457,13.537996526831556,0.049436556572137,dos,attack,14.8369,2.35549,72.8773,1461.0
dos_i500.0_r10,dos,500.0,10,7,8.898240357810874,5.533637793242727,27507,0.6123961974308169,0.7369565217391304,0.4645234543713961,42.90216322517208,8.217767944936085,21.090000000000053,58.43199690632292,20.92159417472984,0.0682902285505856,dos,attack,28.9515,2.79196,162.717,967.0
dos_i1000.0_r1,dos,1000.0,1,4,12.395149953584164,6.417876379602614,29000,0.5518028731804776,0.6758199847444699,0.371058890685948,20.21049661399549,8.509198645598193,8.329999999999949,36.357913060521305,2.955407946370489,0.0599124873779872,dos,attack,20.2105,5.61058,91.2289,886.0
dos_i1000.0_r2,dos,1000.0,2,5,12.587665881679118,6.7999566771363575,29000,0.503314936304627,0.5867003367003367,0.4058280398486584,52.67733142037302,16.217647058823527,18.47000000000021,56.25739361866562,18.239711433033754,0.0486656791345627,dos,attack,52.7542,15.0609,251.073,695.0
dos_i1000.0_r3,dos,1000.0,3,5,11.379801698588954,6.048068510189752,29000,0.5958251150558843,0.7400468384074942,0.3507355358316897,44.41951476793249,11.965822784810127,12.579999999999814,37.495212263133226,8.12694687417933,0.0570252222782444,dos,attack,44.1869,7.75795,231.413,946.0
dos_i1000.0_r4,dos,1000.0,4,6,12.496702226634746,7.033734831929952,29921,0.4850061596317188,0.5568445475638051,0.4636095441872528,47.81861111111111,12.20473611111111,20.299999999999763,64.23031931241901,13.604477269957853,0.04189795966267,dos,attack,47.8186,14.0,242.004,720.0
dos_i1000.0_r5,dos,1000.0,5,8,10.829067580607422,6.142328200033118,29000,0.5734171708783169,0.7190278601066983,0.3784553327796892,36.72704039571311,9.099422918384173,24.359999999999715,51.38469927903474,21.62228306879181,0.0424592910434269,dos,attack,36.648,4.88054,201.324,1207.0
dos_i1000.0_r6,dos,1000.0,6,4,11.064886862942592,6.408876079299032,29000,0.5852201638616459,0.6705710102489019,0.3523428986560116,24.46954148471616,9.811528384279477,17.47999999999994,22.870497658344192,3.25595199980338,0.0441119501089144,dos,attack,24.3959,3.80237,134.891,910.0
dos_i1000.0_r7,dos,1000.0,7,7,11.663718053331465,5.8862549534093125,29000,0.5970272162062008,0.5678919729932483,0.3712685798987112,20.41202113606341,9.861651254953763,5.540000000000322,37.80365523381654,18.94223192027447,0.0505051451034098,dos,attack,20.4121,5.47579,106.854,757.0
dos_i1000.0_r8,dos,1000.0,8,5,11.914086642487488,6.1450877774097385,29000,0.5413578748903284,0.7283393501805054,0.4116933300976311,28.78265179677819,9.663853779429989,15.500000000000291,53.18956159326499,17.280630271316795,0.0584526897623245,dos,attack,28.7826,3.09748,166.017,807.0
dos_i1000.0_r9,dos,1000.0,9,8,10.275219012251966,6.141721850648544,29000,0.5726472098258363,0.6639769452449568,0.379131945815726,24.553559027777776,8.122769097222223,533.3000000000001,70.74303234600218,27.029426187229376,0.049436556572137,dos,attack,24.5893,4.94202,125.912,1149.0
dos_i1000.0_r10,dos,1000.0,10,7,9.945515063359483,5.447831862834744,29000,0.4880758032213003,0.4652173913043478,0.5079690997525961,70.31355140186916,15.71152647975078,19.569999999999865,45.6985136316798,19.77913987045724,0.0682902285505856,dos,attack,70.3135,8.26542,316.21,642.0
ddos_i1.0_r1,ddos,1.0,1,6,11.907412253442445,10.906916457138983,23658,0.8066693944353519,0.9498657117278424,0.1075422804146208,13.544863336475023,6.524608859566446,7.559999999999789,24.67467517464493,10.424150500012397,0.0554228288199995,ddos,attack,13.5449,1.79448,77.1272,1061.0
ddos_i1.0_r2,ddos,1.0,2,8,10.873008358632568,9.966858515836655,19869,0.773714953271028,0.883935434281322,0.2290498442367601,27.46686956521739,6.740008695652174,7.640000000000313,35.25897320026811,16.450068489308094,0.0368458695097948,ddos,attack,27.4324,0.57507,180.032,1146.0
ddos_i1.0_r3,ddos,1.0,3,6,10.955057958508933,9.91558919252484,19790,0.7526431885601278,0.9643683479870432,0.0454856621282421,12.118330134357006,4.336295585412668,77.10999999999979,11.196781096048053,4.22830761304436,0.044333994557803,ddos,attack,12.1183,2.12069,64.9192,2084.0
ddos_i1.0_r4,ddos,1.0,4,8,11.415537898937911,10.422684552697437,24186,0.7987450462351388,0.9352,0.1140356671070013,12.810179640718562,6.545526090675791,9.230000000000071,15.543918981788323,8.837547447680857,0.0496412584326335,ddos,attack,12.8102,2.7823,65.1517,1169.0
ddos_i1.0_r5,ddos,1.0,5,4,11.082443394766395,10.099887132300546,14984,0.7412317585951026,0.9975874547647768,0.0034133069502844,4.585513905683192,2.795519951632406,10.219999999999896,4.4957979358645535,1.6687398008754697,0.0501836525322673,ddos,attack,4.58551,1.47741,19.2456,1654.0
ddos_i2.0_r1,ddos,2.0,1,8,10.04825293422051,8.370993118102831,24795,0.7394870265433939,0.7544677544677545,0.2960632269609305,18.536457260556126,6.729464469618949,13.120000000000244,22.957238396938894,9.163980453492044,0.0513516108138586,ddos,attack,18.5365,1.07951,94.2469,971.0
ddos_i2.0_r2,ddos,2.0,2,7,10.96216092667831,9.199082288376474,15901,0.6413245139953214,0.8589743589743589,0.090586432201339,19.700843608046725,6.387955872809864,1079.9999999999995,13.2161898190327,4.589446704870268,0.0548075012838245,ddos,attack,19.7097,3.78982,82.5964,1540.0
ddos_i2.0_r3,ddos,2.0,3,5,9.773657722576877,8.12735504600555,25612,0.7518788163457022,0.7761111111111111,0.3229509159229685,33.29434502505369,6.107380100214745,4.6200000000000685,27.58353976099786,4.14366210147718,0.0564966816834742,ddos,attack,33.2943,1.7312,193.707,1397.0
ddos_i2.0_r4,ddos,2.0,4,7,11.51684303376605,9.745091803084408,21230,0.6908558411975269,0.8755304101838756,0.1571428571428571,19.252342487883684,5.431987075928917,10.45000000000007,19.193524458070204,6.257050267876409,0.0430266047038739,ddos,attack,19.2524,4.24162,94.2953,1857.0
ddos_i2.0_r5,ddos,2.0,5,5,9.697346208250186,8.041089381017395,21760,0.7327832968513218,0.824,0.3280350227310995,40.93883495145631,8.17459841129744,4.570000000000185,26.833800093153705,4.185801421059791,0.052584477249767,ddos,attack,40.9753,4.69299,202.511,1130.0
ddos_i3.0_r1,ddos,3.0,1,6,9.305825074313,7.0873593684333205,20280,0.6570123432792302,0.7438220757825371,0.3466161272556451,23.38372093023256,9.759413067552602,5.759999999999987,20.656034687566613,5.178573709350901,0.0518013575727253,ddos,attack,23.3837,4.24885,109.341,903.0
ddos_i3.0_r2,ddos,3.0,2,8,8.962340417198064,6.747909033382959,20258,0.6421122698025294,0.7356076759061834,0.3431804494595708,33.57091787439614,9.446995169082124,6.559999999999899,33.57206215466055,12.068484829006168,0.0533630923159082,ddos,attack,33.5709,7.04889,158.745,1035.0
ddos_i3.0_r3,ddos,3.0,3,8,9.549616963311577,7.339889293765334,23983,0.6792511612099241,0.7141713370696557,0.3392998753823496,26.62163677130045,10.578430493273542,78.77000000000001,33.25693408000785,11.94685633935524,0.055313753911426,ddos,attack,26.6453,8.82603,117.102,891.0
ddos_i3.0_r4,ddos,3.0,4,10,10.40583571783042,7.943198162035282,16638,0.5801255230125523,0.8785046728971962,0.2276847977684797,16.345301418439718,7.3897960992907805,6.66000000000011,21.67469825828109,9.700715256605587,0.0628516259592018,ddos,attack,16.3453,3.02993,77.4027,1128.0
ddos_i3.0_r5,ddos,3.0,5,6,9.451736938846452,7.200835074095009,20493,0.6510054321928905,0.7945659377070908,0.3810159153721528,42.81909924937448,9.61743119266055,13.580000000000148,33.5232205175049,5.305683391034714,0.0496904132814163,ddos,attack,42.8191,6.40548,210.841,1199.0
ddos_i5.0_r1,ddos,5.0,1,12,8.453163861427898,5.7533498250907895,25643,0.5921076937286414,0.6455613577023499,0.4921261660663157,41.5835187057634,9.08608695652174,6.979999999999986,44.5769506944745,17.845499912525074,0.0587629165032331,ddos,attack,41.5835,7.10252,229.685,989.0
ddos_i5.0_r2,ddos,5.0,2,8,6.700119680130262,3.444338955949432,20585,0.5543437281197824,0.6124837451235371,0.5107448699305219,31.22929936305732,11.865286624203822,4.1799999999998505,33.34175009942288,7.593929586319825,0.0454837375734712,ddos,attack,31.2293,6.35324,162.566,942.0
ddos_i5.0_r3,ddos,5.0,3,10,9.220183126439798,5.937651604457705,23880,0.5879601132586483,0.5301724137931034,0.4303828634740859,62.87967479674797,14.309349593495936,3107.74,50.52382520640153,12.141421980896814,0.0581021389804062,ddos,attack,62.8797,5.6338,295.796,738.0
ddos_i5.0_r4,ddos,5.0,4,12,6.333926221222489,3.150365547311968,31577,0.6369027209100627,0.5952529668956902,0.6212912725145727,40.75330535152151,9.855403987408184,17.17000000000013,52.28882091301585,18.58136200722392,0.0435433200316848,ddos,attack,40.7533,5.43865,253.645,953.0
ddos_i5.0_r5,ddos,5.0,5,10,7.109065399565503,3.8642531873882,23325,0.5793879477370958,0.6354481369587109,0.5183565999304486,39.99524564183835,15.43486529318542,43.71999999999999,44.60558869038164,11.76955413368555,0.03779220383408,ddos,attack,39.9953,9.5898,214.877,631.0
ddos_i8.0_r1,ddos,8.0,1,15,6.075056403786369,2.095200468519052,21431,0.4462932111620158,0.0,0.6210329029571012,,,,63.76771166607878,18.587834634834536,0.0511704525223137,ddos,attack,,,,0.0
ddos_i8.0_r2,ddos,8.0,2,12,4.558866528824107,0.7613962031179635,30240,0.5421881163266038,0.2798561151079137,0.721895506866999,125.69100257069408,32.06760925449871,2116.93,66.31610523226432,18.935926797869747,0.0485412926391382,ddos,attack,125.691,33.2454,453.521,389.0
ddos_i8.0_r3,ddos,8.0,3,12,6.211796625442552,2.1555322376085133,22163,0.462770400066817,0.4623085983510012,0.5753361730560428,57.30369426751593,17.147770700636944,74.66999999999979,47.33519854583421,11.383194870113664,0.0550273049693442,ddos,attack,57.4285,23.7574,263.202,783.0
ddos_i8.0_r4,ddos,8.0,4,15,6.636658067774861,2.025930618180933,22805,0.4634220686852265,0.4383275261324041,0.6325543588701483,69.20604133545311,21.77980922098569,51.2100000000002,60.84390926648613,14.384695065193435,0.0468059122921046,ddos,attack,66.6503,25.2576,278.977,619.0
ddos_i8.0_r5,ddos,8.0,5,11,5.285124906112766,1.4182495382176274,23679,0.4855637124225895,0.4290155440414507,0.6416560718533404,62.03913043478261,25.28816425120773,44.980000000000246,49.35181304979263,12.888591231338967,0.0606893299504604,ddos,attack,62.2905,22.1722,246.081,409.0
blackhole_i1.0_r1,blackhole,1.0,1,3,12.481912810491943,12.347000039667888,21554,0.9150498832519636,0.0,0.0255996603693483,,,,7.7017111550089,1.9645212791087368,0.0599124873779872,blackhole,attack,,,,0.0
blackhole_i1.0_r2,blackhole,1.0,2,4,13.033772770706603,12.900258496753684,26647,0.931127262562024,0.0,0.0690474526521769,,,,15.107592986333012,9.349545960687482,0.0486656791345627,blackhole,attack,,,,0.0
blackhole_i1.0_r3,blackhole,1.0,3,4,10.431103729387042,10.279998503477078,17441,0.8865900772671818,0.0,0.0063542090280601,,,,4.448504561176013,1.9079131918819332,0.0570252222782444,blackhole,attack,,,,0.0
blackhole_i1.0_r4,blackhole,1.0,4,5,12.606523639715252,12.449003362344952,29921,0.9152392022513152,0.0,0.2036889758962437,,,,22.20827732778296,7.432181211866817,0.04189795966267,blackhole,attack,,,,0.0
blackhole_i1.0_r5,blackhole,1.0,5,7,10.625750484514985,10.408354755408158,18170,0.8422174840085288,0.0,0.0063965884861407,,,,4.558049514595305,3.5498928377991423,0.0424592910434269,blackhole,attack,,,,0.0
blackhole_i1.0_r6,blackhole,1.0,6,3,9.959166556762485,9.838417988468835,18613,0.9055658266030944,0.0,0.0094385521066459,,,,3.4926569823659137,1.056404512330701,0.0441119501089144,blackhole,attack,,,,0.0
blackhole_i1.0_r7,blackhole,1.0,7,6,11.161109420229373,11.000722471365428,17015,0.8692653519975477,0.0,0.0228364156534177,,,,5.232038080018406,3.827646352451219,0.0505051451034098,blackhole,attack,,,,0.0
blackhole_i1.0_r8,blackhole,1.0,8,4,12.752191215865665,12.610606861128646,22656,0.922137653140136,0.0,0.0760307704831291,,,,20.137866081064036,10.315926722702535,0.0584526897623245,blackhole,attack,,,,0.0
blackhole_i1.0_r9,blackhole,1.0,9,7,9.723628353329758,9.503059172090271,17849,0.8247389335551243,0.0,0.0057758063025598,,,,4.9640875356878364,3.530075898322328,0.049436556572137,blackhole,attack,,,,0.0
blackhole_i1.0_r10,blackhole,1.0,10,6,11.779630641161049,11.621097060693454,27507,0.9043298155636652,0.0,0.1851267383371141,,,,14.833255202887496,6.793966067326096,0.0682902285505856,blackhole,attack,,,,0.0
greyhole_i0.02_r1,greyhole,0.02,1,4,12.614959055452024,12.407476788416703,21554,0.8682376636455186,0.954233409610984,0.0212286002014098,24.681505546918004,10.343487496602254,8.640000000000203,8.679403729366925,2.743006593603711,0.0599124873779872,greyhole,attack,24.688,7.96671,104.854,1251.0
greyhole_i0.02_r2,greyhole,0.02,2,5,13.113371652433717,12.90837449046803,26647,0.8974168996059677,0.8543771043771043,0.0677937561041322,50.65677299523541,17.507614929069426,29.47999999999995,25.7125832536432,10.900645949839284,0.0486656791345627,greyhole,attack,50.4335,27.6641,180.868,1015.0
greyhole_i0.02_r3,greyhole,0.02,3,5,10.131222024520223,9.906749921072018,17441,0.8349770202987361,0.9344262295081968,0.039065492148602,20.737961274392,9.633066785954949,31.22999999999987,7.683161426883532,3.1300030587842844,0.0570252222782444,greyhole,attack,20.5623,6.01364,88.8985,1197.0
greyhole_i0.02_r4,greyhole,0.02,4,6,11.416384123241698,11.207534174318075,29921,0.8867320629463888,0.7223511214230471,0.2737456657677148,46.58050037227392,14.36141517272105,25.9999999999998,23.2969308443033,7.586785558385421,0.04189795966267,greyhole,attack,45.2091,10.9274,201.405,934.0
greyhole_i0.02_r5,greyhole,0.02,5,8,10.740649884254392,10.42897708368539,18170,0.7824813746178029,0.973918197984588,0.0043064467507859,17.216356721777224,6.694957823554365,4.729999999999901,8.655185322672423,4.8802697420863,0.0424592910434269,greyhole,attack,17.1261,4.83517,80.0485,1643.0
greyhole_i0.02_r6,greyhole,0.02,6,4,10.089898963305169,9.894188634731142,18613,0.8503746345029239,0.9699853587115668,0.0037006578947368,13.517766597401158,6.7219654946942615,28.68999999999966,5.27087006671346,1.8411236195619447,0.0441119501089144,greyhole,attack,13.5199,4.26315,63.6814,1325.0
greyhole_i0.02_r7,greyhole,0.02,7,7,11.35367984257054,11.110217596512229,17015,0.8154023098672545,0.9527381845461366,0.0139454641299659,22.08359295928281,9.04812134090733,19.200000000000102,9.824676170706567,5.222425725622684,0.0505051451034098,greyhole,attack,21.4599,4.43185,101.269,1270.0
greyhole_i0.02_r8,greyhole,0.02,8,5,12.313035139220048,12.108150697814622,22656,0.885899741925393,0.8321299638989169,0.1109329788066004,37.88391087069936,13.086837048286291,21.43000000000006,22.219721842972422,9.24869904315406,0.0584526897623245,greyhole,attack,35.7841,1.29741,238.05,922.0
greyhole_i0.02_r9,greyhole,0.02,9,8,9.679641942495534,9.36739232162697,17849,0.7663804207814513,0.936599423631124,0.0193645341348218,19.44058343195266,7.336396923076922,175.34000000000026,6.705476214189019,4.069053449693099,0.049436556572137,greyhole,attack,19.1942,4.22693,87.7459,1625.0
greyhole_i0.02_r10,greyhole,0.02,10,7,11.288796946281664,11.067312506252104,27507,0.8709983851049682,0.7760869565217391,0.2125961812482188,28.10790504351137,10.890009156147716,29.870000000000285,13.33566559112342,7.522648707750761,0.0682902285505856,greyhole,attack,27.0805,2.02869,121.822,1071.0
greyhole_i0.05_r1,greyhole,0.05,1,4,12.1803424707346,11.98149683496246,21554,0.870446652128261,0.8695652173913043,0.0531863338987157,33.13461502919309,11.214217212024476,8.640000000000203,11.577568402225095,2.968585979658707,0.0599124873779872,greyhole,attack,32.498,7.17429,158.838,1140.0
greyhole_i0.05_r2,greyhole,0.05,2,5,12.947628023638028,12.74354484827631,26647,0.897961246840775,0.8274410774410774,0.0783487784330244,53.99914552783313,18.02595022017018,29.47999999999995,20.11217028457073,9.605542546596814,0.0486656791345627,greyhole,attack,52.589,26.8448,195.21,983.0
greyhole_i0.05_r3,greyhole,0.05,3,5,10.194251108575711,9.971583304103822,17441,0.8366191778193505,0.9047619047619048,0.033290161653955,25.23215974243901,10.058303459044671,31.22999999999987,8.683216603602457,3.208458563651372,0.0570252222782444,greyhole,attack,25.0902,6.61285,113.182,1159.0
greyhole_i0.05_r4,greyhole,0.05,4,6,12.216033001932187,12.00675726615132,29921,0.8873368920521946,0.6844547563805105,0.227520759193357,64.94403962715029,17.672946208992073,25.9999999999998,26.1130723717133,7.858217636247093,0.04189795966267,greyhole,attack,60.4159,8.96924,287.61,885.0
greyhole_i0.05_r5,greyhole,0.05,5,8,10.6739452731982,10.368371410740597,18170,0.7849829351535836,0.918197984588026,0.0114485678489653,15.811187701164584,6.706664210077339,4.729999999999901,9.931115047268062,5.025837231541917,0.0424592910434269,greyhole,attack,15.8187,4.50172,64.2079,1549.0
greyhole_i0.05_r6,greyhole,0.05,6,4,10.095715861142176,9.902479098028987,18613,0.8522826136727872,0.9348462664714496,0.0033426438939511,10.952957080832448,6.564813510204527,28.68999999999966,4.669852229078254,1.804761945822384,0.0441119501089144,greyhole,attack,10.9337,4.24698,41.5168,1277.0
greyhole_i0.05_r7,greyhole,0.05,7,7,11.241511989165858,11.000293699328504,17015,0.8171645375084046,0.9279819954988748,0.0209393910287196,22.573011694634047,10.6033133550257,19.200000000000102,8.59367685907581,5.5023723022436135,0.0505051451034098,greyhole,attack,22.4549,7.39478,95.3541,1237.0
greyhole_i0.05_r8,greyhole,0.05,8,5,12.56687392030674,12.357647433619649,22656,0.887148562925836,0.8664259927797834,0.0905709139321795,29.774911392660847,10.9508255233592,21.43000000000006,15.688697264063512,8.632903748211334,0.0584526897623245,greyhole,attack,29.7978,1.09226,183.533,960.0
greyhole_i0.05_r9,greyhole,0.05,9,8,9.821757370104017,9.508319111379,17849,0.7671709791111493,0.9314121037463976,0.0059314020459038,15.601102591966512,6.47802019727234,175.34000000000026,5.308879044426468,3.2321664999310693,0.049436556572137,greyhole,attack,15.5028,3.18183,72.5957,1616.0
greyhole_i0.05_r10,greyhole,0.05,10,7,10.481863750947984,10.259109666776082,27507,0.8714398859496277,0.7833333333333333,0.2633296372564549,53.08230531599354,13.234383866851578,29.870000000000285,20.36285795964068,9.39291336203706,0.0682902285505856,greyhole,attack,53.0294,4.69785,261.601,1081.0
greyhole_i0.1_r1,greyhole,0.1,1,4,12.41916306518124,12.220590909894872,21554,0.8725962511639205,0.8672768878718535,0.0345734990486215,28.90712604775192,10.309576649217014,8.640000000000203,10.362346323186053,2.737981363768044,0.0599124873779872,greyhole,attack,28.9001,8.85896,125.777,1137.0
greyhole_i0.1_r2,greyhole,0.1,2,5,12.878549150362351,12.680544291883995,26647,0.8998109002498819,0.7786195286195287,0.08435199567772,47.7635652152606,17.349340177893218,29.47999999999995,30.15470213950304,12.67629292927263,0.0486656791345627,greyhole,attack,47.9559,23.6731,183.837,925.0
greyhole_i0.1_r3,greyhole,0.1,3,5,10.16759626927279,9.949686539722618,17441,0.839559064214884,0.8501170960187353,0.0356214498892846,24.243518874724185,10.8069788944457,31.22999999999987,9.265053329916007,3.6979058937837705,0.0570252222782444,greyhole,attack,24.2428,8.14073,99.148,1089.0
greyhole_i0.1_r4,greyhole,0.1,4,6,12.441091871055756,12.228862253400454,29921,0.8877581295988607,0.6983758700696056,0.2134464751958224,59.66101339464877,15.540521935661024,25.9999999999998,24.67093796154845,7.529831136896181,0.04189795966267,greyhole,attack,57.7964,10.0411,250.308,903.0
greyhole_i0.1_r5,greyhole,0.1,5,8,10.729377876356132,10.429998730651947,18170,0.7877053799800581,0.8725548310610551,0.0079334113668877,17.527006987577643,7.2178542960662515,4.729999999999901,6.88953625644372,3.8772691096659417,0.0424592910434269,greyhole,attack,17.3611,4.99696,79.7708,1472.0
greyhole_i0.1_r6,greyhole,0.1,6,4,9.897641706362148,9.709107296810094,18613,0.854983922829582,0.8821376281112738,0.0208543867707854,17.52443928159297,7.994931449335855,28.61999999999965,6.565242464480952,2.159367211212098,0.0441119501089144,greyhole,attack,17.6187,4.50923,79.9,1205.0
greyhole_i0.1_r7,greyhole,0.1,7,7,11.326495755702055,11.089363503546636,17015,0.8191315232043135,0.881470367591898,0.0152609281725399,16.78015436024925,9.111545726923447,19.200000000000102,6.908787164345653,4.462034628513987,0.0505051451034098,greyhole,attack,16.4944,4.59845,77.3975,1175.0
greyhole_i0.1_r8,greyhole,0.1,8,5,12.077848372731532,11.873434708834164,22656,0.8889237650566956,0.8104693140794224,0.1238278337976223,35.45489243970235,10.39984183197804,21.43000000000006,24.124946302668377,10.42488956642078,0.0584526897623245,greyhole,attack,35.0775,1.25279,183.189,898.0
greyhole_i0.1_r9,greyhole,0.1,9,8,9.65232317511277,9.346177286829048,17849,0.7706489357108933,0.8639769452449567,0.0199473252450239,20.04370749126869,7.0455404936624415,175.34000000000026,15.07512995527647,8.145412806910649,0.049436556572137,greyhole,attack,19.964,3.3146,94.9711,1499.0
greyhole_i0.1_r10,greyhole,0.1,10,7,11.26501337306259,11.04474653639303,27507,0.8723518964861093,0.7376811594202899,0.2133388303945198,41.70710642611248,11.00165367618356,29.870000000000285,16.571789807104444,8.369264209909007,0.0682902285505856,greyhole,attack,38.9097,3.37333,178.911,1018.0
greyhole_i0.2_r1,greyhole,0.2,1,4,12.404592535900326,12.21305338422429,21554,0.8770701932858597,0.7681159420289855,0.0359308240081383,24.28511995397298,10.225695638467236,8.640000000000203,9.012620716730526,2.7168302274369203,0.0599124873779872,greyhole,attack,23.8583,7.04563,110.863,1007.0
greyhole_i0.2_r2,greyhole,0.2,2,5,13.06907324762172,12.87449367070049,26647,0.9025538544912614,0.7129629629629629,0.0700108386397507,38.212349321001525,16.743543875086647,29.47999999999995,14.976268399368337,8.368260241090555,0.0486656791345627,greyhole,attack,38.778,21.7913,139.311,847.0
greyhole_i0.2_r3,greyhole,0.2,3,5,10.247190808063817,10.037354407030232,17441,0.8439465789219007,0.7478532396565184,0.0298074131423594,18.139697269311064,9.301698388308978,31.22999999999987,7.04030334503616,2.9564012779444058,0.0570252222782444,greyhole,attack,17.8015,4.95399,80.0224,958.0
greyhole_i0.2_r4,greyhole,0.2,4,6,11.958762290084191,11.76489567993847,29921,0.8922852115826201,0.5444702242846094,0.252437896996988,43.1768234223301,14.763078855913506,25.9999999999998,20.157395039829407,7.381962653598653,0.04189795966267,greyhole,attack,31.6958,3.67485,136.054,704.0
greyhole_i0.2_r5,greyhole,0.2,5,8,10.671512473193468,10.382530259585003,18170,0.7941780672232178,0.7735625370480143,0.0104462607631452,15.988975198780537,7.154747579615211,8.280000000000065,7.936098171260009,5.238112555830494,0.0424592910434269,greyhole,attack,15.9777,4.96685,71.8031,1305.0
greyhole_i0.2_r6,greyhole,0.2,6,4,10.077118891299689,9.894358850587246,18613,0.8597228637413394,0.801610541727672,0.0044803695150115,12.429576047542303,6.731439934192855,28.61999999999965,4.958578809164634,1.842304997854752,0.0441119501089144,greyhole,attack,12.5777,3.48055,57.2798,1095.0
greyhole_i0.2_r7,greyhole,0.2,7,7,11.2880953981486,11.05943754484772,17015,0.8244100973884394,0.7884471117779445,0.0199622074712922,17.05010693279128,9.342525329412103,19.200000000000102,9.250879091930306,5.170444242869317,0.0505051451034098,greyhole,attack,16.6365,5.51517,71.7875,1051.0
greyhole_i0.2_r8,greyhole,0.2,8,5,12.731324774773794,12.53351012822736,22656,0.8917227535718503,0.7129963898916968,0.0808045026961073,31.42716757369888,11.679560437306174,21.43000000000006,14.452546200241985,7.788686042228077,0.0584526897623245,greyhole,attack,28.5335,1.19354,155.717,790.0
greyhole_i0.2_r9,greyhole,0.2,9,8,9.538716313110056,9.247368049355352,17849,0.7771246952281435,0.745821325648415,0.0309561128526645,20.57239957544464,8.00783770883714,136.17000000000036,7.854885865671799,4.563056752209217,0.049436556572137,greyhole,attack,20.4476,4.62445,95.6152,1294.0
greyhole_i0.2_r10,greyhole,0.2,10,7,11.585475191958244,11.37564119022263,27507,0.8768289184278474,0.6442028985507247,0.1950527557298141,53.76917082484208,10.289374963125312,29.870000000000285,28.46131063409852,12.625752137020584,0.0682902285505856,greyhole,attack,53.188,1.96501,283.469,889.0
greyhole_i0.3_r1,greyhole,0.3,1,4,12.319910182259772,12.136404100128612,21554,0.8817705776468663,0.6598016781083142,0.0407461953853706,26.796837944664038,10.280496241632209,8.640000000000203,9.753425115407817,2.7315708802645573,0.0599124873779872,greyhole,attack,25.9799,6.74282,121.16,865.0
greyhole_i0.3_r2,greyhole,0.3,2,5,13.050739310147843,12.86283222433042,26647,0.9056212615551932,0.6380471380471381,0.0708945078847199,39.66594363888718,16.722769145867183,29.47999999999995,15.70130518844894,8.342730248025664,0.0486656791345627,greyhole,attack,39.0822,18.6496,152.453,758.0
greyhole_i0.3_r3,greyhole,0.3,3,5,10.195735190676391,9.992877369020905,17441,0.8490823231585609,0.6651053864168618,0.0362689255635071,21.006908239361135,9.879482473619854,30.279999999999863,7.838764592092687,3.14633525563799,0.0570252222782444,greyhole,attack,21.5227,5.33429,112.164,852.0
greyhole_i0.3_r4,greyhole,0.3,4,6,11.848180364041433,11.65456347573434,29921,0.8949808566642737,0.5166279969064191,0.2494615936826992,50.925460661688206,16.42578653503803,25.9999999999998,21.1389958414852,7.250772651411856,0.04189795966267,greyhole,attack,47.7336,6.24148,213.221,668.0
greyhole_i0.3_r5,greyhole,0.3,5,8,10.67297910335335,10.389692193882476,18170,0.7995951417004049,0.6769413159454654,0.0071290265798274,13.979067300772492,7.23732322549513,8.280000000000065,6.444491932085171,4.223835426079508,0.0424592910434269,greyhole,attack,13.9218,4.8782,56.7856,1142.0
greyhole_i0.3_r6,greyhole,0.3,6,4,9.94324424098438,9.770151157396358,18613,0.8658014699041772,0.6830161054172768,0.0154432970508884,12.168360081016562,6.587076327090488,28.61999999999965,5.019192440093547,1.8091850975043091,0.0441119501089144,greyhole,attack,11.8333,3.36591,53.7162,933.0
greyhole_i0.3_r7,greyhole,0.3,7,7,11.257820469863187,11.036971308392973,17015,0.8296762239126194,0.6984246061515379,0.0186268773161693,18.872346967277394,9.022984106535157,16.690000000000094,7.727340820406296,5.312959774088975,0.0505051451034098,greyhole,attack,19.1546,4.37855,89.6218,931.0
greyhole_i0.3_r8,greyhole,0.3,8,5,12.6366109078164,12.4445004657888,22656,0.8956710812413521,0.6507220216606499,0.1035777821703894,34.701532633860666,12.97457543386174,21.43000000000006,22.13305546623271,10.275814133350954,0.0584526897623245,greyhole,attack,35.0142,1.32687,196.369,721.0
greyhole_i0.3_r9,greyhole,0.3,9,8,9.676862538317948,9.388553168398415,17849,0.781548296698485,0.6858789625360231,0.0161572817234433,16.40861901327957,7.202388232350734,136.1500000000002,6.863656245495388,4.738013131880916,0.049436556572137,greyhole,attack,16.4066,3.86895,80.2338,1190.0
greyhole_i0.3_r10,greyhole,0.3,10,7,11.832516653761036,11.628262294095526,27507,0.8800831866901295,0.5746376811594203,0.1782754759238521,33.5522159020182,10.683843956507856,29.870000000000285,17.238827406388545,10.45012695327018,0.0682902285505856,greyhole,attack,32.9743,1.90214,166.676,793.0
greyhole_i0.4_r1,greyhole,0.4,1,4,12.560242088535295,12.380706374055093,21554,0.8858657679503514,0.585812356979405,0.0222761086679544,28.24899096094354,11.453412968870843,8.640000000000203,9.69561640645891,3.0185331547569256,0.0599124873779872,greyhole,attack,27.4172,6.78155,116.257,768.0
greyhole_i0.4_r2,greyhole,0.4,2,5,13.252369507931006,13.06770926434622,26647,0.9081521368686524,0.5892255892255892,0.0563697089496285,43.13901960045232,17.661154403819573,29.47999999999995,29.984509596026697,14.004337969226636,0.0486656791345627,greyhole,attack,42.6701,20.3492,158.583,700.0
greyhole_i0.4_r3,greyhole,0.4,3,5,10.318551039590616,10.122475125308595,17441,0.8541136141038198,0.5737704918032787,0.0209598432908912,17.66267496002385,9.903885302328105,30.279999999999863,6.749959903817596,3.0377866141042267,0.0570252222782444,greyhole,attack,17.5164,5.09656,77.222,735.0
greyhole_i0.4_r4,greyhole,0.4,4,6,11.861617726845056,11.67167998512512,29921,0.897289030168536,0.4694508894044857,0.2477958375817189,46.74038994806142,17.02884881534766,25.9999999999998,21.72285920742852,7.784705686150239,0.04189795966267,greyhole,attack,43.0428,10.5972,187.075,607.0
greyhole_i0.4_r5,greyhole,0.4,5,8,10.673846963818228,10.402033273988582,18170,0.8060151710065209,0.5743924125666864,0.0068757485694007,11.309852959782091,6.97532937529769,8.280000000000065,5.785415024827213,4.035751015979008,0.0424592910434269,greyhole,attack,11.2698,3.92556,46.9516,969.0
greyhole_i0.4_r6,greyhole,0.4,6,4,9.688751556356394,9.526560799669989,18613,0.8727025506376594,0.5644216691068814,0.0380251312828207,15.901700859408674,8.374625303512747,28.82999999999969,6.638307567793345,2.258845401508439,0.0441119501089144,greyhole,attack,15.7802,3.25531,65.2217,771.0
greyhole_i0.4_r7,greyhole,0.4,7,7,2.527046366311435,2.349645103792401,17015,0.8656389906389906,0.0600150037509377,0.76994301994302,21.053991025641025,6.487228205128204,16.690000000000094,95.09822365743172,57.76238512748292,0.0505051451034098,greyhole,attack,22.9294,1.25765,123.453,80.0
greyhole_i0.4_r8,greyhole,0.4,8,5,12.748948349990284,12.559781766366756,22656,0.8981209862839927,0.5884476534296029,0.0769840640608895,35.99355569482696,13.682676746913828,21.43000000000006,19.405960015996467,10.27200515934187,0.0584526897623245,greyhole,attack,35.8103,1.51324,187.751,652.0
greyhole_i0.4_r9,greyhole,0.4,9,8,9.776719778768314,9.497068275974929,17849,0.7871664829106946,0.590778097982709,0.0067916207276736,18.152325961743585,8.12807770745929,158.15,6.139661276492316,3.820479134619392,0.049436556572137,greyhole,attack,17.928,3.75719,91.2453,1025.0
greyhole_i0.4_r10,greyhole,0.4,10,7,11.073371960521303,10.88166048110628,27507,0.8837590361445783,0.4507246376811594,0.2284658634538152,32.72960707621341,14.924225416326726,29.870000000000285,14.493832018495857,9.620306884735344,0.0682902285505856,greyhole,attack,29.9885,1.63312,158.192,622.0
greyhole_i0.5_r1,greyhole,0.5,1,4,12.397875364308062,12.227992821476969,21554,0.8908083980823277,0.4721586575133485,0.0350471152256571,20.891314867239608,11.869093707111784,36.24999999999989,8.352184301263016,3.1281461330342677,0.0599124873779872,greyhole,attack,20.5604,5.47701,94.5466,619.0
greyhole_i0.5_r2,greyhole,0.5,2,5,12.7457305584965,12.57435909464055,26647,0.9128185804329954,0.4629629629629629,0.0903329679364209,39.70656234475907,19.612652127835734,29.47999999999995,16.667180669793076,10.151944513554676,0.0486656791345627,greyhole,attack,40.3884,20.2593,151.741,550.0
greyhole_i0.5_r3,greyhole,0.5,3,5,10.16357180636993,9.97430612964884,17441,0.8588664007485104,0.4910226385636221,0.0347663367311764,14.209642289348173,9.607639109697931,26.29999999999999,8.736827412559649,3.705808492674042,0.0570252222782444,greyhole,attack,14.7758,5.30074,68.5196,629.0
greyhole_i0.5_r4,greyhole,0.5,4,6,11.737575874066442,11.559695095230571,29921,0.9006110224844235,0.3580819798917247,0.2577130301297294,55.5316165149266,18.183627575280703,25.71000000000012,23.259243020216804,7.712395510426365,0.04189795966267,greyhole,attack,50.7372,4.36589,216.145,463.0
greyhole_i0.5_r5,greyhole,0.5,5,8,10.663731344298329,10.400293143904086,18170,0.8115592478449238,0.4765856550088915,0.0063424002858546,13.297644821186084,7.725668439684771,44.8599999999999,6.289462905261419,4.436388122431617,0.0424592910434269,greyhole,attack,13.3056,4.01087,61.711,804.0
greyhole_i0.5_r6,greyhole,0.5,6,4,10.00085990923775,9.842710913650407,18613,0.8773922881116244,0.4831625183016105,0.0088620722164608,10.52441705130778,7.66375540169911,28.82999999999969,4.552078058399862,2.0739385249039444,0.0441119501089144,greyhole,attack,10.5692,3.03266,46.8931,660.0
greyhole_i0.5_r7,greyhole,0.5,7,7,11.040883883232985,10.840091907146284,17015,0.8411191853279945,0.4831207801950488,0.0357407682040634,17.407189680437895,11.26716983052146,16.690000000000094,9.004547335467668,6.020846563686891,0.0505051451034098,greyhole,attack,16.789,4.94824,75.9522,644.0
greyhole_i0.5_r8,greyhole,0.5,8,5,12.38181902251709,12.212717652811977,22656,0.9038898862956314,0.4395306859205776,0.1054857370835826,36.27746075723488,14.172075693605468,21.560000000000024,25.28316185920337,11.689810017084238,0.0584526897623245,greyhole,attack,35.9247,0.967246,191.599,487.0
greyhole_i0.5_r9,greyhole,0.5,9,8,9.695659649987984,9.42693921605213,17849,0.7931126416351921,0.4939481268011527,0.0145301044212397,15.691748204868354,7.57135379761813,158.15,7.408483809798056,4.226740710918205,0.049436556572137,greyhole,attack,15.6133,3.44316,77.3875,857.0
greyhole_i0.5_r10,greyhole,0.5,10,7,11.61636164400609,11.424485354983066,27507,0.8871222627148708,0.391304347826087,0.1919889057309639,34.59837465564738,12.427199724517909,29.570000000000096,23.19324508856724,11.715365435136963,0.0682902285505856,greyhole,attack,33.7172,2.31155,160.062,540.0
greyhole_i0.6_r1,greyhole,0.6,1,4,12.4058115117797,12.244894672500164,21554,0.8959554391653157,0.0655987795575896,0.0496321237061977,25.745495773319305,10.646774081195806,36.24999999999989,9.399308334101276,2.818103037241994,0.0599124873779872,greyhole,attack,27.2479,2.33587,115.498,86.0
greyhole_i0.6_r2,greyhole,0.6,2,5,12.470880007417437,12.31160116064363,26647,0.9169964554871124,0.3518518518518518,0.1090195808527478,62.66063830755853,23.96788399291629,29.47999999999995,30.803435202323936,16.44725507258061,0.0486656791345627,greyhole,attack,61.0481,36.1635,205.693,418.0
greyhole_i0.6_r3,greyhole,0.6,3,5,10.198304258362803,10.017023296489509,17441,0.86474292230651,0.3840749414519906,0.0293519758044523,12.129160854853186,8.231036472358369,90.82999999999996,5.606994761110071,2.529888415755745,0.0570252222782444,greyhole,attack,12.3004,4.70473,50.5915,492.0
greyhole_i0.6_r4,greyhole,0.6,4,6,12.058289764929867,11.876971345979053,29921,0.90245815110843,0.3155452436194895,0.2361031518624642,56.7628900351845,16.544790683180395,25.71000000000012,22.92940552777172,7.365175824336618,0.04189795966267,greyhole,attack,48.0394,9.94978,228.446,408.0
greyhole_i0.6_r5,greyhole,0.6,5,8,10.657572764427004,10.402436301215635,18170,0.8174374662587727,0.3870776526378186,0.0064783156379341,15.84153895927296,9.144309549580464,40.20999999999964,6.285478092540299,4.354962452254005,0.0424592910434269,greyhole,attack,16.2057,4.85048,74.0357,653.0
greyhole_i0.6_r6,greyhole,0.6,6,4,9.95418923520277,9.80444785698672,18613,0.8830953171703753,0.3806734992679356,0.0127627271433315,10.424586894586897,7.746343874643873,28.82999999999969,4.528856847264868,2.097669397294634,0.0441119501089144,greyhole,attack,10.4109,3.54177,49.5842,520.0
greyhole_i0.6_r7,greyhole,0.6,7,7,11.192322294115025,11.000070053478217,17015,0.8466437776782605,0.3795948987246811,0.0249788525650594,16.622783014087364,11.303198540589843,112.7100000000003,6.865821480176055,4.829680897909578,0.0505051451034098,greyhole,attack,15.0759,3.89906,65.9038,506.0
greyhole_i0.6_r8,greyhole,0.6,8,5,12.148652608934038,11.977066025775622,22656,0.9058414297709008,0.3691335740072202,0.1167886130102754,22.47057657715461,11.163280476990304,21.560000000000024,20.691750031193763,10.628533279413896,0.0584526897623245,greyhole,attack,20.4924,1.23712,108.375,409.0
greyhole_i0.6_r9,greyhole,0.6,9,8,9.696039829554026,9.438264859324171,17849,0.7991135386819485,0.3902017291066282,0.0146400429799426,15.562075999037198,7.875140671294813,158.15,6.974117449727309,4.460946949166859,0.049436556572137,greyhole,attack,15.5881,3.52882,73.0618,677.0
greyhole_i0.6_r10,greyhole,0.6,10,7,11.305861419978193,11.1257562144896,27507,0.8912325038880249,0.2985507246376812,0.213646967340591,36.01978906660879,15.601337560210034,25.879999999999903,15.476801299877224,9.825625058696206,0.0682902285505856,greyhole,attack,35.0044,2.10546,158.094,412.0
greyhole_i0.7_r1,greyhole,0.7,1,4,12.363880137392009,12.206408040122534,21554,0.9004470067259891,0.064836003051106,0.0480427789614404,41.43286879252094,17.74623890405887,36.24999999999989,13.156945321171555,4.593678476316053,0.0599124873779872,greyhole,attack,54.0563,17.9981,214.616,85.0
greyhole_i0.7_r2,greyhole,0.7,2,5,13.167885621995644,13.009930764266132,26647,0.920004143074161,0.2752525252525252,0.0602817290429498,37.80208846988599,21.269470645741936,29.47999999999995,16.233785290865878,9.804408466912962,0.0486656791345627,greyhole,attack,38.5285,17.5604,135.486,327.0
greyhole_i0.7_r3,greyhole,0.7,3,5,10.263048300791883,10.090059318304158,17441,0.870309381237525,0.2857142857142857,0.0243013972055888,19.786931388964604,11.36083823319445,87.47000000000016,9.195672713372897,4.000200657338024,0.0570252222782444,greyhole,attack,19.8075,4.90979,85.8581,366.0
greyhole_i0.7_r4,greyhole,0.7,4,6,12.056589615043071,11.880307274374395,29921,0.9055718652583156,0.2498066511987625,0.2348597197421385,52.733567208577206,19.799109555618656,23.550000000000185,25.31625173980092,8.584285622667126,0.04189795966267,greyhole,attack,50.0231,9.92697,241.062,323.0
greyhole_i0.7_r5,greyhole,0.7,5,8,10.649730098582175,10.40449865338671,18170,0.8235507410596927,0.2874925903971547,0.0066174137696596,11.38889617827762,7.135478190026401,40.20999999999964,5.700379670871018,4.041881529776665,0.0424592910434269,greyhole,attack,11.4534,3.8327,42.4397,485.0
greyhole_i0.7_r6,greyhole,0.7,6,4,10.010296617608812,9.867308147967648,18613,0.8886607782286942,0.2855051244509516,0.0065886846502745,8.275014894419307,6.93009709653092,26.44000000000002,3.9932648154780006,1.8908837590369607,0.0441119501089144,greyhole,attack,7.86391,3.01947,34.0442,390.0
greyhole_i0.7_r7,greyhole,0.7,7,7,11.330960906154273,11.14272584909708,17015,0.8515589810319804,0.3053263315828957,0.0096591762174065,17.375410278645575,13.80381491322668,112.7100000000003,6.691013174455104,5.029834337378829,0.0505051451034098,greyhole,attack,17.3436,6.17222,75.8988,407.0
greyhole_i0.7_r8,greyhole,0.7,8,5,12.121306377506366,11.961026418997124,22656,0.910501145360286,0.2770758122743682,0.1203633002451472,32.322537203806604,15.242079133933704,42.20000000000024,24.965466326113248,12.42091185326342,0.0584526897623245,greyhole,attack,32.5854,0.985992,198.58,307.0
greyhole_i0.7_r9,greyhole,0.7,9,8,9.771075065071573,9.520329620792523,17849,0.805169613857813,0.3020172910662824,0.0047365571995669,15.351836798852304,9.355424230885037,157.97000000000017,5.3429398933221,3.63277760085819,0.049436556572137,greyhole,attack,15.3698,3.09203,80.3666,524.0
greyhole_i0.7_r10,greyhole,0.7,10,7,11.036172391839688,10.860281483329986,27507,0.8940713774946369,0.2398550724637681,0.2300266527985438,27.015743093218795,12.72663201792929,25.879999999999903,13.707677827078523,8.043015301712012,0.0682902285505856,greyhole,attack,24.5652,1.55358,117.56,331.0
greyhole_i0.8_r1,greyhole,0.8,1,4,12.634277880631016,12.484023472207308,21554,0.9048318710381597,0.202135774218154,0.0155744930943285,19.350480247869868,14.518540227701212,36.24999999999989,7.146004329086878,3.7832805955029296,0.0599124873779872,greyhole,attack,16.7176,5.39177,71.3839,265.0
greyhole_i0.8_r2,greyhole,0.8,2,5,12.785864915129851,12.638799194066356,26647,0.9239918166371928,0.1734006734006734,0.0871042685252609,60.92094419463413,26.30603050434199,28.990000000000293,27.82138122110593,13.378409690025997,0.0486656791345627,greyhole,attack,57.056,19.0693,256.755,206.0
greyhole_i0.8_r3,greyhole,0.8,3,5,10.278904010715118,10.115085750279157,17441,0.8765202532917881,0.1740827478532396,0.0212081616242838,14.31435781537527,9.556463973701607,87.47000000000016,5.890135871474152,2.960998223463535,0.0570252222782444,greyhole,attack,16.111,4.59514,72.7557,223.0
greyhole_i0.8_r4,greyhole,0.8,4,6,12.681284293327002,12.509558262837016,29921,0.9088175439662244,0.1747873163186388,0.1998602800473833,59.436461281214015,26.760821226318363,39.53000000000007,23.97088995808581,9.06899112462609,0.04189795966267,greyhole,attack,55.608,14.3659,243.58,226.0
greyhole_i0.8_r5,greyhole,0.8,5,8,10.67927269741709,10.44184423916508,18170,0.8294909837936544,0.1962062833432128,0.0030130107281442,17.5737873507409,9.207149996403396,129.28999999999968,5.861304517303152,3.9151830178892313,0.0424592910434269,greyhole,attack,17.2197,3.99232,84.3896,331.0
greyhole_i0.8_r6,greyhole,0.8,6,4,10.037115385569548,9.901065162945628,18613,0.8936956834877803,0.1998535871156661,0.0036971239256734,7.654959815092656,6.704859846180879,26.44000000000002,3.550566340789932,1.8290388683765133,0.0441119501089144,greyhole,attack,6.72684,3.00465,29.4684,273.0
greyhole_i0.8_r7,greyhole,0.8,7,7,11.28542976151406,11.10587946220589,17015,0.8572652156388553,0.2055513878469617,0.0132003224506247,24.592634588925662,16.488047182791185,112.7100000000003,8.119154046643294,5.918967745637787,0.0505051451034098,greyhole,attack,24.5386,6.45458,115.812,274.0
greyhole_i0.8_r8,greyhole,0.8,8,5,12.311354046472696,12.156297596976833,22656,0.9142119280122668,0.1814079422382671,0.106528932289565,24.157846164041825,16.06273139535434,42.20000000000024,22.409029024719164,12.985154709169231,0.0584526897623245,greyhole,attack,22.1265,0.998378,116.739,201.0
greyhole_i0.8_r9,greyhole,0.8,9,8,9.720079330517668,9.479560563153983,17849,0.81168713051387,0.1994236311239193,0.0072760345611641,13.308385262465343,8.322267393070298,157.97000000000017,5.605264807467571,3.9154465292858505,0.049436556572137,greyhole,attack,12.5189,2.98079,60.1679,346.0
greyhole_i0.8_r10,greyhole,0.8,10,7,10.211923635642233,10.045130674499513,27507,0.8980997779809324,0.1391304347826087,0.2814744678072352,43.806984873813626,12.214892755069028,47.87000000000008,20.927600728762428,9.892977222896018,0.0682902285505856,greyhole,attack,45.3877,2.19972,197.83,192.0
greyhole_i0.9_r1,greyhole,0.9,1,4,12.464905174144551,12.322267054243218,21554,0.9096817759770406,0.1052631578947368,0.0276441293154385,16.29201966873706,12.942815734989647,36.24999999999989,6.511613625304515,3.391467925526793,0.0599124873779872,greyhole,attack,13.7427,3.57209,71.1616,138.0
greyhole_i0.9_r2,greyhole,0.9,2,5,13.337228039398534,13.193244642976545,26647,0.9275296738487244,0.09006734006734,0.0478262382957986,52.44752608459121,30.64800457952045,230.9300000000003,19.159060444112384,11.622874325540336,0.0486656791345627,greyhole,attack,50.7335,14.5602,238.707,107.0
greyhole_i0.9_r3,greyhole,0.9,3,5,10.067284913275673,9.910871897713443,17441,0.8815709664375253,0.0850897736143637,0.0403356247472705,11.267678532110091,10.08210466055046,87.47000000000016,5.312567463763223,2.814537684979958,0.0570252222782444,greyhole,attack,9.99503,2.97016,48.3672,109.0
greyhole_i0.9_r4,greyhole,0.9,4,6,12.64788206776494,12.483391775429476,29921,0.9120031699585468,0.0873936581593194,0.2027249451353328,43.85593468414011,26.477849750955077,39.53000000000007,19.798484154291305,8.573246337678095,0.04189795966267,greyhole,attack,35.4179,10.8653,114.386,113.0
greyhole_i0.9_r5,greyhole,0.9,5,8,10.656711779821624,10.429684532530844,18170,0.8361711919005983,0.0918790752815649,0.004325816843074,8.99848503525524,7.001373156064478,129.28999999999968,5.19897545178611,3.818572103851487,0.0424592910434269,greyhole,attack,8.73772,3.28982,33.2603,155.0
greyhole_i0.9_r6,greyhole,0.9,6,4,9.948785662816164,9.820762479429511,18613,0.8998307952622674,0.095900439238653,0.0110708242687938,9.448868075366176,9.1818416791638,150.69999999999962,4.261841502424931,2.455164975129067,0.0441119501089144,greyhole,attack,9.50137,3.56414,40.5684,131.0
greyhole_i0.9_r7,greyhole,0.9,7,7,11.319785574798876,11.147112949139023,17015,0.8621301175516822,0.1215303825956489,0.0095764085934333,12.06323992546005,11.131828325180528,209.64000000000027,5.258194066125784,4.280149726402261,0.0505051451034098,greyhole,attack,12.7766,5.01057,46.5419,162.0
greyhole_i0.9_r8,greyhole,0.9,8,5,12.181524783161423,12.036634247792003,22656,0.9189956597574332,0.0731046931407942,0.1156045917332576,28.400035803666583,16.765825460119025,42.20000000000024,17.427831083521504,9.286596495950898,0.0584526897623245,greyhole,attack,33.556,1.10234,213.884,81.0
greyhole_i0.9_r9,greyhole,0.9,9,8,9.712222728109571,9.481008478639742,17849,0.8178610703812317,0.1048991354466858,0.0095307917888563,12.200521303258146,11.707065805539491,249.47000000000008,5.484936000558908,4.152510315178517,0.049436556572137,greyhole,attack,11.5283,2.22934,58.0737,182.0
greyhole_i0.9_r10,greyhole,0.9,10,7,10.829516587057748,10.666933595910471,27507,0.9012187930017692,0.072463768115942,0.2453967629906297,38.55667508532423,12.233677781569966,108.30000000000028,24.46025875536173,11.841999639415176,0.0682902285505856,greyhole,attack,28.7899,1.25695,135.03,100.0
mitm_i20.0_r1,mitm,20.0,1,4,12.23305298089516,12.031989533077112,21554,0.8688676583222478,0.9000762776506483,0.0503486919014794,38.6562362592733,11.14385013808415,22.170000000000023,15.38015174440337,2.9526022878974323,0.0599124873779872,mitm,attack,46.3648,30.0725,131.802,1180.0
mitm_i20.0_r2,mitm,20.0,2,5,12.715233372095998,12.509859263977702,26647,0.8966016150740242,0.8594276094276094,0.095222072678331,51.80228931103807,18.40188748620174,56.070000000000064,25.48857547736322,11.98864076057716,0.0486656791345627,mitm,attack,71.7082,53.2827,195.773,1021.0
mitm_i20.0_r3,mitm,20.0,3,5,10.418355850234404,10.189433234577423,17441,0.8327444614209321,0.960967993754879,0.0150878533231474,23.43043263900597,10.14005840984218,46.479999999999855,8.072148699628585,3.1592246353494757,0.0570252222782444,mitm,attack,42.3075,30.0894,111.309,1231.0
mitm_i20.0_r4,mitm,20.0,4,6,12.161019161904193,11.950573054377148,29921,0.8850010352273063,0.711523588553751,0.2325416309266763,67.56779601806079,16.199569878556694,38.250000000000114,26.017574101334063,6.481729507246089,0.04189795966267,mitm,attack,88.8772,35.1346,308.94,920.0
mitm_i20.0_r5,mitm,20.0,5,8,10.53061894767877,10.22196325673312,18170,0.7819762437596832,0.972732661529342,0.0230246169736615,17.157271915293354,7.557838620899029,21.46999999999988,7.200051166420846,4.310897149820991,0.0424592910434269,mitm,attack,36.8459,28.9119,85.7793,1641.0
mitm_i20.0_r6,mitm,20.0,6,4,9.992872315706787,9.79651845473404,18613,0.8496758878845978,0.9838945827232796,0.0120971423354332,14.24482239715413,7.315559752747252,43.12999999999967,5.5302442492613135,1.9902617400376568,0.0441119501089144,mitm,attack,34.1056,27.1292,83.6813,1344.0
mitm_i20.0_r7,mitm,20.0,7,7,11.271482312175785,11.028024539161263,17015,0.8148165884493822,0.9654913728432108,0.019729910928072,21.90247104068205,10.319003621251326,28.469999999999995,7.854313562928779,5.330936136893176,0.0505051451034098,mitm,attack,41.9814,30.3099,108.373,1287.0
mitm_i20.0_r8,mitm,20.0,8,5,12.760987166051928,12.548844992845522,22656,0.8844472204871955,0.8925992779783394,0.0795986883198001,41.56695725569613,12.72908650359301,35.75000000000017,19.95153447538633,8.159749748116166,0.0584526897623245,mitm,attack,60.1829,26.4868,243.849,989.0
mitm_i20.0_r9,mitm,20.0,9,8,9.758839760049334,9.442014453763177,17849,0.7643456663240836,0.9694524495677234,0.0125471051730044,20.44659877895293,8.089258499002161,132.3000000000003,7.200304159569663,4.577009347875624,0.049436556572137,mitm,attack,40.4416,29.6556,105.793,1682.0
mitm_i20.0_r10,mitm,20.0,10,7,10.98903994062425,10.775597177668718,27507,0.8716884269235644,0.7159420289855073,0.2339967042717708,33.02914446581098,12.077260159668436,43.76999999999987,15.940600425639357,10.58983453356536,0.0682902285505856,mitm,attack,52.592,27.3864,161.878,988.0
mitm_i30.0_r1,mitm,30.0,1,4,12.456984469556629,12.2506565979746,21554,0.8679929123711341,0.950419527078566,0.0347535438144329,30.6910886646195,11.2948174581527,28.910000000000213,10.708760314160273,2.9854792729983792,0.0599124873779872,mitm,attack,60.5029,43.5719,154.611,1246.0
mitm_i30.0_r2,mitm,30.0,2,5,13.015286196506423,12.814831084911006,26647,0.8971449734024645,0.8114478114478114,0.0823176890445087,56.21680689317266,19.633866308891303,60.98999999999988,25.94728406044579,12.054945731084512,0.0486656791345627,mitm,attack,86.1128,64.5071,209.387,964.0
mitm_i30.0_r3,mitm,30.0,3,5,10.12063088031474,9.89525613460092,17441,0.8339788648209248,0.9469164715066356,0.0400707693778989,21.350123394624312,10.249129116281912,57.10000000000015,7.70917914563824,3.2391350929529885,0.0570252222782444,mitm,attack,51.0378,41.947,119.667,1213.0
mitm_i30.0_r4,mitm,30.0,4,6,12.122113087102932,11.91931734462509,29921,0.8865481481481482,0.654292343387471,0.2368,56.8301259792552,17.05328768317044,47.66000000000004,22.781738264965664,8.906481830924987,0.04189795966267,mitm,attack,85.2909,45.0717,238.258,846.0
mitm_i30.0_r5,mitm,30.0,5,8,10.621578542750848,10.3131508540852,18170,0.7820435568563312,0.968583283935981,0.0151502108978221,21.74192726843728,8.177812803232513,38.17999999999966,7.728908774684231,4.392815933008618,0.0424592910434269,mitm,attack,51.3017,41.3899,125.318,1634.0
mitm_i30.0_r6,mitm,30.0,6,4,9.8928452978255,9.697327277389912,18613,0.8497922658996484,0.9758418740849196,0.0217321828060083,17.416216452185694,7.808001737276425,41.94999999999993,6.595955048654568,2.1180158443356167,0.0441119501089144,mitm,attack,47.2625,39.5683,108.347,1333.0
mitm_i30.0_r7,mitm,30.0,7,7,11.251910944294137,11.007382930295432,17015,0.8145825354270394,0.972993248312078,0.0210168517809268,25.78655742851141,11.465758764224669,38.68000000000027,8.336533066013839,4.793159845855465,0.0505051451034098,mitm,attack,55.9384,43.9185,134.614,1297.0
mitm_i30.0_r8,mitm,30.0,8,5,12.456695033395622,12.243767984917476,22656,0.8841020838211192,0.8916967509025271,0.0991571060641536,38.82504270737976,12.376485010284243,47.30999999999996,24.638101065532208,12.22254743383578,0.0584526897623245,mitm,attack,66.4432,38.8445,228.965,988.0
mitm_i30.0_r9,mitm,30.0,9,8,9.81189415485124,9.497346862038778,17849,0.76385500920101,0.8864553314121038,0.0139940942354602,17.309516435800305,7.691955880967189,1105.95,5.881097548627396,3.631842300611376,0.049436556572137,mitm,attack,47.0729,39.9856,92.0395,1538.0
mitm_i30.0_r10,mitm,30.0,10,7,10.024312694563108,9.816360760294296,27507,0.8711638954869358,0.6065217391304348,0.2969754552652415,65.18221751753426,15.250594988269231,1132.45,21.61182722774519,8.636110290606243,0.0682902285505856,mitm,attack,92.9258,42.487,322.479,837.0
mitm_i40.0_r1,mitm,40.0,1,4,12.275906697918352,12.073414741743989,21554,0.8685875478541205,0.9153318077803204,0.0465847269796494,30.365626984126983,11.76519126984127,36.37000000000023,10.87693163754279,3.108422006840589,0.0599124873779872,mitm,attack,69.8539,56.6068,167.782,1200.0
mitm_i40.0_r2,mitm,40.0,2,5,12.193758266365682,12.00041512923243,26647,0.898263947412776,0.7609427609427609,0.1314680600033709,59.030868748468016,19.831123057027664,60.109999999999886,22.06623315330523,10.968349632187884,0.0486656791345627,mitm,attack,99.5635,81.1033,219.74,904.0
mitm_i40.0_r3,mitm,40.0,3,5,10.248607230885094,10.022116880716345,17441,0.8335005973715651,0.9484777517564404,0.0303464755077658,24.70529744251656,10.619693115124525,61.45999999999985,8.454130180419638,3.259379244740478,0.0570252222782444,mitm,attack,64.2609,54.4581,141.28,1215.0
mitm_i40.0_r4,mitm,40.0,4,6,12.24424873009109,12.0392030846797,29921,0.8875737889709591,0.6589327146171694,0.2279967962979442,64.94135544375182,16.074594097131037,57.06999999999995,23.531460838911627,7.174116908653183,0.04189795966267,mitm,attack,99.3179,57.6941,310.766,852.0
mitm_i40.0_r5,mitm,40.0,5,8,10.682844305686746,10.372952926596325,18170,0.7816062287607003,0.965026674570243,0.0105820105820105,18.752057853375845,7.847022555076949,66.34999999999991,16.548745110239743,8.927218176230609,0.0424592910434269,mitm,attack,58.2137,52.431,120.197,1628.0
mitm_i40.0_r6,mitm,40.0,6,4,10.069535362730544,9.872227891541668,18613,0.8494044631040935,0.9919472913616398,0.0059325514534751,14.736633459049823,7.483084273491741,47.689999999999785,5.720461381957222,2.031846281955719,0.0441119501089144,mitm,attack,54.4944,49.849,103.917,1355.0
mitm_i40.0_r7,mitm,40.0,7,7,11.115966481526996,10.875645975898808,17015,0.8153632355760015,0.9444861215303826,0.0327774583093732,21.39347566148154,10.962031174615412,42.10000000000002,8.250581225283804,5.726563268417566,0.0505051451034098,mitm,attack,61.4462,55.18,123.717,1259.0
mitm_i40.0_r8,mitm,40.0,8,5,12.47493621408948,12.26300324842356,22656,0.8839641045649629,0.8727436823104693,0.0991026141240733,29.37580944008063,11.497525904324323,54.24000000000007,16.098367244284006,8.905878605690603,0.0584526897623245,mitm,attack,66.3231,50.6999,174.076,967.0
mitm_i40.0_r9,mitm,40.0,9,8,9.62078692484347,9.309767078739728,17849,0.7649025069637883,0.8680115273775216,0.0307263766873794,22.13602828300894,8.419144955911735,1218.01,7.645365371785052,4.708699927506298,0.049436556572137,mitm,attack,61.4983,51.0147,129.681,1506.0
mitm_i40.0_r10,mitm,40.0,10,7,10.686397899582037,10.464030272170984,27507,0.8698965877106986,0.7804347826086957,0.2498023465418551,54.19812432714227,13.790478604280992,58.51000000000006,20.724012127917373,9.334167940162969,0.0682902285505856,mitm,attack,91.0411,56.7105,254.87,1077.0
mitm_i50.0_r1,mitm,50.0,1,4,12.358898083236062,12.152996510022543,21554,0.8681327533429999,0.9481311975591152,0.0396326727887868,28.73239261624721,11.536074311509733,39.830000000000254,10.12766933343965,3.0499915403737994,0.0599124873779872,mitm,attack,78.7481,68.2036,167.513,1243.0
mitm_i50.0_r2,mitm,50.0,2,5,12.806504460268728,12.600157249205983,26647,0.8963603336921421,0.8611111111111112,0.0882669537136706,48.57363372169824,18.103597210113342,65.93999999999988,16.436444841376037,7.892998325882536,0.0486656791345627,mitm,attack,98.7822,83.9752,202.776,1023.0
mitm_i50.0_r3,mitm,50.0,3,5,10.115802138385648,9.8916816559642,17441,0.8340985174557628,0.932864949258392,0.0414155906264945,22.869799109104303,10.19645666177733,70.32000000000016,8.070744094132522,3.074124970348441,0.0570252222782444,mitm,attack,72.1549,63.9471,157.236,1195.0
mitm_i50.0_r4,mitm,50.0,4,6,11.543839512583691,11.347257209997355,29921,0.8882588689327594,0.5877803557617943,0.270238978773935,57.49782371336195,17.97451465521811,67.81999999999977,23.21306917592784,7.652474690302092,0.04189795966267,mitm,attack,95.4775,68.9719,235.134,760.0
mitm_i50.0_r5,mitm,50.0,5,8,10.59609928807493,10.288145940745204,18170,0.7819762437596832,0.9590989922940132,0.0180754002410053,16.57912487970024,7.509175706812201,40.10999999999987,9.690900260105932,5.774518003502855,0.0424592910434269,mitm,attack,65.7616,62.6298,115.16,1618.0
mitm_i50.0_r6,mitm,50.0,6,4,9.973587584629836,9.780235632388004,18613,0.8500251175960177,0.952415812591508,0.0164406083025071,14.803424297593407,7.391847550684135,55.66000000000004,5.664367975260891,2.009295002639917,0.0441119501089144,mitm,attack,64.4927,59.539,116.91,1301.0
mitm_i50.0_r7,mitm,50.0,7,7,11.276594940797832,11.032645089624816,17015,0.8146215349260305,0.9699924981245313,0.0189591612007468,20.67032047895134,10.297571173858415,49.22000000000004,6.942642277810337,4.219634767545167,0.0505051451034098,mitm,attack,70.984,65.5949,135.217,1293.0
mitm_i50.0_r8,mitm,50.0,8,5,12.450476671526086,12.237722817792326,22656,0.8843091334894614,0.8962093862815884,0.1,31.423765214733383,11.164795816193852,63.43000000000032,20.93929033364234,10.051654692787322,0.0584526897623245,mitm,attack,80.7402,62.584,223.613,993.0
mitm_i50.0_r9,mitm,50.0,9,8,9.660549279209969,9.351159689432972,17849,0.7647058823529411,0.8570605187319885,0.0284049526584122,18.20002804767075,8.20595668245849,1181.14,6.799300454457734,4.669856799480245,0.049436556572137,mitm,attack,67.5662,60.7237,123.538,1487.0
mitm_i50.0_r10,mitm,50.0,10,7,11.178545833165613,10.967166273128644,27507,0.8721306277742549,0.6927536231884058,0.223145212428662,63.04672779502006,12.95257620241657,63.54000000000015,42.060931071685786,18.48289560683974,0.0682902285505856,mitm,attack,111.877,64.9265,403.666,956.0
mitm_i70.0_r1,mitm,70.0,1,4,12.169088874724222,11.967370468629111,21554,0.8682376636455186,0.8962623951182304,0.0548237663645518,30.32616016083096,11.318205025967496,50.62999999999995,10.736121180450745,2.994366299041926,0.0599124873779872,mitm,attack,99.7489,89.7538,194.188,1175.0
mitm_i70.0_r2,mitm,70.0,2,5,12.864774492227925,12.664152712737588,26647,0.8963301826499378,0.7962962962962963,0.0866493995761714,51.79710505934314,18.08250402947272,76.30999999999987,19.106179921629767,9.36614837759014,0.0486656791345627,mitm,attack,116.878,102.48,235.736,946.0
mitm_i70.0_r3,mitm,70.0,3,5,10.312286705191386,10.08632313929186,17441,0.8333811162079511,0.9391100702576112,0.0273795871559633,22.329467321611045,9.942875838535295,82.91000000000004,7.52790632831245,2.910271786363084,0.0570252222782444,mitm,attack,91.5876,86.4482,168.796,1203.0
mitm_i70.0_r4,mitm,70.0,4,6,12.224317229786248,12.026712905245263,29921,0.887705453035068,0.5939675174013921,0.2318578294665638,42.53103812253451,15.455297167776132,85.77999999999975,19.13624806885402,6.901077626832035,0.04189795966267,mitm,attack,111.515,91.7015,252.88,768.0
mitm_i70.0_r5,mitm,70.0,5,8,10.609728436431896,10.299373207713735,18170,0.7816734781673478,0.973325429756965,0.0154441815444181,20.49975949255444,8.275262703086469,133.12999999999997,8.360783643699175,5.277639821922889,0.0424592910434269,mitm,attack,89.6866,84.4269,159.042,1642.0
mitm_i70.0_r6,mitm,70.0,6,4,10.025983264505982,9.830001218133416,18613,0.8495983202483112,0.980234260614934,0.0102245754975351,15.798490584145888,7.534041950219692,65.11999999999985,5.917853097817532,2.0460702182239063,0.0441119501089144,mitm,attack,85.3678,80.8919,145.616,1339.0
mitm_i70.0_r7,mitm,70.0,7,7,11.353347269292634,11.109116565752489,17015,0.8143486168277975,0.9632408102025506,0.01373600076577,25.541479042764088,10.124641744548285,63.490000000000265,8.27124463366304,5.024972586522707,0.0505051451034098,mitm,attack,96.2593,87.1417,190.461,1284.0
mitm_i70.0_r8,mitm,70.0,8,5,13.25224759089058,13.025381809578509,22656,0.9163936415483558,0.1353790613718411,0.0843748735994822,66.49241125541124,10.463491515151516,82.5800000000001,25.91135638164796,8.67218385224442,0.0584526897623245,mitm,attack,137.629,83.6981,447.069,150.0
mitm_i70.0_r9,mitm,70.0,9,8,9.779117949530384,9.462276504441926,17849,0.7643456663240836,0.96657060518732,0.0118619390202124,15.39960563453954,7.188827155844292,215.84000000000003,6.487588224188379,3.8710726290680735,0.049436556572137,mitm,attack,85.3151,83.4347,139.871,1677.0
mitm_i70.0_r10,mitm,70.0,10,7,11.259136743479472,11.048072051583809,27507,0.8720753281339166,0.6978260869565217,0.2179316466932978,44.02589491173416,12.961135867082035,79.00000000000018,52.92358847153559,21.767944450253363,0.0682902285505856,mitm,attack,110.019,88.9093,259.843,963.0
mitm_i100.0_r1,mitm,100.0,1,4,12.308894188171411,12.106899660556357,21554,0.8686575585378632,0.9099923722349352,0.0448958207391286,37.23462134043713,12.844198804099696,69.45000000000023,12.542333708491906,3.3778886445019163,0.0599124873779872,mitm,attack,136.574,127.563,252.49,1193.0
mitm_i100.0_r2,mitm,100.0,2,5,12.39805837261444,12.203295607810942,26647,0.8973262392241379,0.7584175084175084,0.1187028556034482,56.856853856465406,20.18982610539928,94.61999999999992,23.446598483650217,12.20669434418632,0.0486656791345627,mitm,attack,157.653,142.352,305.566,901.0
mitm_i100.0_r3,mitm,100.0,3,5,10.019153063820127,9.797790432056953,17441,0.8338193813644404,0.9016393442622952,0.051154563273892,22.04555155687686,10.35633453293694,101.44999999999982,10.887110095628197,4.263018858500777,0.0570252222782444,mitm,attack,120.905,116.635,204.587,1155.0
mitm_i100.0_r4,mitm,100.0,4,6,11.849473937435995,11.637381015213732,29921,0.8856297173301761,0.6976024748646559,0.2485718514133491,73.25439310427372,17.65419194511333,113.65999999999988,31.26404366975466,9.127988389778231,0.04189795966267,mitm,attack,172.43,134.947,452.695,902.0
mitm_i100.0_r5,mitm,100.0,5,8,10.59934299922244,10.291090888362046,18170,0.7819762437596832,0.9602845287492592,0.0169564468927526,24.830794446672908,8.219723470160895,100.48999999999975,7.36390528316072,4.24683163391658,0.0424592910434269,mitm,attack,123.695,117.403,219.64,1620.0
mitm_i100.0_r6,mitm,100.0,6,4,10.03465544490445,9.837890127544522,18613,0.8494432274552757,0.9882869692532944,0.0092186929536327,16.53297463590247,8.475372355861015,82.06999999999987,6.105434140334493,2.282060107470708,0.0441119501089144,mitm,attack,116.073,115.096,177.954,1350.0
mitm_i100.0_r7,mitm,100.0,7,7,11.250287118349451,11.007302046723176,17015,0.8144265747654604,0.9617404351087772,0.0223051885889335,24.74834962442504,10.553258991664674,85.89000000000001,8.431101619586878,5.004943364427727,0.0505051451034098,mitm,attack,125.75,120.19,211.66,1282.0
mitm_i100.0_r8,mitm,100.0,8,5,11.833679017023153,11.632294937560262,22656,0.8857265725790687,0.7933212996389891,0.1430079361976621,51.30588089525676,15.145365852284886,115.24,25.08812507465102,10.712278841766436,0.0584526897623245,mitm,attack,148.982,118.152,427.018,879.0
mitm_i100.0_r9,mitm,100.0,9,8,9.69078346091903,9.377460763120348,17849,0.7646403632780705,0.9435158501440922,0.0195776035642376,20.400583723613657,8.067687719717856,208.36000000000035,7.669553241554741,4.94199946029182,0.049436556572137,mitm,attack,119.887,116.198,191.562,1637.0
mitm_i100.0_r10,mitm,100.0,10,7,11.308206300443237,11.08421157183593,27507,0.8700616795824767,0.8050724637681159,0.21018503874743,53.44632661095826,13.777246671244754,97.21000000000002,39.04420730559889,16.38821080334178,0.0682902285505856,mitm,attack,154.22,134.006,313.926,1111.0
mitm_i150.0_r1,mitm,150.0,1,4,12.5798597016599,12.373972848601465,21554,0.8678181744977251,0.9473684210526316,0.0247211821073398,33.671431388656515,12.27250444027423,97.38000000000024,11.209189181354237,3.228669210644501,0.0599124873779872,mitm,attack,183.83,177.185,300.787,1242.0
mitm_i150.0_r2,mitm,150.0,2,5,12.89713463434808,12.690535482410406,26647,0.896089047314793,0.8594276094276094,0.0826915963278071,56.90466039795221,18.50166206710028,120.63000000000024,21.297131801456093,9.423104517283424,0.0486656791345627,mitm,attack,207.625,200.871,355.641,1021.0
mitm_i150.0_r3,mitm,150.0,3,5,9.058787518885016,8.826546877264162,17441,0.8323867703908748,0.9992193598750976,0.8295709444948217,1.1619334467701017,0.8731331223165495,129.48000000000005,9.286621499486044,0.4894817983763534,0.0570252222782444,mitm,attack,149.981,151.632,218.077,1280.0
mitm_i150.0_r4,mitm,150.0,4,6,11.621898742321436,11.423476323265898,29921,0.8882588689327594,0.6395978344934261,0.2653406560783731,66.86781667561687,16.792291664383455,165.88000000000002,26.14744406990315,7.728221210551106,0.04189795966267,mitm,attack,218.921,196.415,436.974,827.0
mitm_i150.0_r5,mitm,150.0,5,8,10.730180433630707,10.417545597838323,18170,0.7813709469338609,0.944279786603438,0.0090737077492044,16.09447893686665,7.639525950587391,1100.1699999999998,6.333313829862398,4.0654520519842325,0.0424592910434269,mitm,attack,164.201,162.366,238.147,1593.0
mitm_i150.0_r6,mitm,150.0,6,4,10.0563668257648,9.860772111317656,18613,0.8497534696859022,0.9809663250366032,0.0077611395178962,14.377712658927583,7.259614206744057,112.74999999999967,5.44215614134135,1.975603914456061,0.0441119501089144,mitm,attack,163.343,160.822,236.203,1340.0
mitm_i150.0_r7,mitm,150.0,7,7,10.954218458678248,10.714616103410684,17015,0.8154413879037669,0.940735183795949,0.0453848365762484,27.704906651655875,11.721363636363638,120.74000000000008,13.141707139312444,7.63744396974184,0.0505051451034098,mitm,attack,178.77,174.921,284.906,1254.0
mitm_i150.0_r8,mitm,150.0,8,5,12.540183330732011,12.334250846735255,22656,0.8844817489752098,0.7734657039711191,0.0984188951786062,35.63861551813767,14.057999257046347,1169.35,22.174324339069397,10.552921066292756,0.0584526897623245,mitm,attack,183.114,176.955,306.226,857.0
mitm_i150.0_r9,mitm,150.0,9,8,9.64831105962729,9.335364386707816,17849,0.765099232714647,0.947550432276657,0.0223755840370354,18.62283343933933,8.020596972411038,218.0900000000001,6.873533475709321,4.400865251212735,0.049436556572137,mitm,attack,168.562,167.78,248.121,1644.0
mitm_i150.0_r10,mitm,150.0,10,7,10.126226182431866,9.913113123234,27507,0.8705297803658459,0.6536231884057971,0.2882144439521488,76.35324417842747,17.309186885479814,1205.21,24.327913848687405,11.80505613755841,0.0682902285505856,mitm,attack,230.831,195.455,494.82,902.0
mitm_i200.0_r1,mitm,200.0,1,4,12.26452043443289,12.061839861842548,21554,0.8686225517852825,0.9229595728451564,0.0470702023051503,32.28491522197205,11.731341803477772,125.44000000000024,11.139659517651944,3.098988377115355,0.0599124873779872,mitm,attack,232.495,227.191,364.276,1210.0
mitm_i200.0_r2,mitm,200.0,2,5,12.752235159558303,12.548728503943108,26647,0.8966317843803627,0.8425925925925926,0.093273663313032,56.00411123844366,20.01289332828842,148.95000000000013,18.313211551115653,8.436510782112538,0.0486656791345627,mitm,attack,259.38,257.32,406.054,1001.0
mitm_i200.0_r3,mitm,200.0,3,5,10.020491464119733,9.799362999235315,17441,0.8340985174557628,0.9008587041373928,0.0509803921568627,27.2865277198366,11.157267508112543,161.02999999999977,9.94802660364588,3.612250128635665,0.0570252222782444,mitm,attack,225.092,224.605,337.149,1154.0
mitm_i200.0_r4,mitm,200.0,4,6,12.015701685250596,11.809034121476104,29921,0.8867583427182739,0.6303170920340294,0.241953648272183,61.81297808939527,19.69633923458954,1200.67,22.83915069774245,8.191544269068347,0.04189795966267,mitm,attack,265.006,247.893,492.808,815.0
mitm_i200.0_r5,mitm,200.0,5,8,10.745327324793914,10.43319144705872,18170,0.7812365637630063,0.988737403675163,0.0044285837131309,19.90544256281436,7.745020178631442,189.00000000000009,8.05368567376256,4.765367030500045,0.0424592910434269,mitm,attack,217.474,216.697,318.013,1668.0
mitm_i200.0_r6,mitm,200.0,6,4,10.088182035919532,9.891344239851142,18613,0.84932694501483,0.9904831625183016,0.0045630846452201,12.77227350655712,7.209857312212826,139.90999999999997,5.176289363360644,1.9650925262611303,0.0441119501089144,mitm,attack,211.737,209.793,302.473,1353.0
mitm_i200.0_r7,mitm,200.0,7,7,11.253166217114808,11.009978678245732,17015,0.8145825354270394,0.9632408102025506,0.0210647261585599,20.488256589709664,10.04801785942901,161.3300000000004,7.736614523628963,5.269743255069557,0.0505051451034098,mitm,attack,222.275,219.646,319.217,1284.0
mitm_i200.0_r8,mitm,200.0,8,5,11.97883682706414,11.771405452920472,22656,0.8851728853291658,0.8483754512635379,0.1318226216057823,40.62047820496869,13.42967919207001,179.24000000000007,28.444385168054577,12.550892515072958,0.0584526897623245,mitm,attack,241.593,235.139,418.374,940.0
mitm_i200.0_r9,mitm,200.0,9,8,9.74811430520375,9.433221230452096,17849,0.7643456663240836,0.9504322766570604,0.014045906132237,16.954518240720052,7.002950741012628,256.34000000000026,6.107005735385951,3.743386515430085,0.049436556572137,mitm,attack,216.454,214.904,312.262,1649.0
mitm_i200.0_r10,mitm,200.0,10,7,11.112976279755712,10.90321075474868,27507,0.87202003550596,0.6884057971014492,0.227681968044636,51.31592948209032,14.72143731378135,163.28999999999994,55.17450104895972,22.79876978568959,0.0682902285505856,mitm,attack,250.035,241.041,434.173,950.0
