Scenario,Device,Throughput_Value,Throughput_Status,Delay_Value,Delay_Status,Jitter_Value,Jitter_Status,PacketLoss_Value,PacketLoss_Status
MITM,WIP,0.1827761390799329,❌,0.001980436513426,✅,0.0006549869665136,✅,0.2155131826741996,✅
NORMAL,WIP,0.2507136277030552,✅,0.0024455663002747,✅,0.0007627349268911,✅,0.8217928145468011,✅
MITM,SHS,0.1830128662973957,❌,0.0017219774285304,✅,0.000516145470764,✅,0.1755728185812931,✅
NORMAL,SHS,0.2507136277030552,✅,0.0024455663002747,✅,0.0007627349268911,✅,0.8217928145468011,✅
